"url","page_type","title","h1","intent","primary_cluster","status","canonical","internal_links","possible_overlap","notes"
"/author/katet_audite/","author","","","navigational","","existing_inventory","https://katet.tech/author/katet_audite/","not_crawled","see keyword-research.csv","template=author_archive; lastmod=2024-11-11T13:44:58+00:00"
"/category/buldozery/","category","","","navigational","","existing_inventory","https://katet.tech/category/buldozery/","not_crawled","see keyword-research.csv","template=blog_category; lastmod=2026-02-19T11:16:44+00:00"
"/category/ekskavatory/","category","","","navigational","","existing_inventory","https://katet.tech/category/ekskavatory/","not_crawled","see keyword-research.csv","template=blog_category; lastmod=2026-02-17T14:05:12+00:00"
"/category/manipulyatory/","category","","","navigational","","existing_inventory","https://katet.tech/category/manipulyatory/","not_crawled","see keyword-research.csv","template=blog_category; lastmod=2026-02-17T11:47:19+00:00"
"/category/podemniki/","category","","","navigational","","existing_inventory","https://katet.tech/category/podemniki/","not_crawled","see keyword-research.csv","template=blog_category; lastmod=2026-02-17T10:27:16+00:00"
"/category/raznoe/","category","","","navigational","","existing_inventory","https://katet.tech/category/raznoe/","not_crawled","see keyword-research.csv","template=blog_category; lastmod=2026-02-24T09:15:19+00:00"
"/blog/","post","","","informational_or_directory","","existing_inventory","https://katet.tech/blog/","not_crawled","see keyword-research.csv","template=blog_or_article; lastmod=2026-02-24T09:15:19+00:00"
"/chto-delaet-buldozer-na-strojke/","post","","","informational_or_directory","","existing_inventory","https://katet.tech/chto-delaet-buldozer-na-strojke/","not_crawled","see keyword-research.csv","template=blog_or_article; lastmod=2026-02-17T13:43:22+00:00"
"/chto-delaet-ekskavator/","post","","","informational_or_directory","","existing_inventory","https://katet.tech/chto-delaet-ekskavator/","not_crawled","see keyword-research.csv","template=blog_or_article; lastmod=2026-02-17T14:05:12+00:00"
"/chto-luchshe-vzyat-v-arendu-manipulyator-ili-kran/","post","","","informational_or_directory","","existing_inventory","https://katet.tech/chto-luchshe-vzyat-v-arendu-manipulyator-ili-kran/","not_crawled","see keyword-research.csv","template=blog_or_article; lastmod=2026-02-17T08:58:46+00:00"
"/chto-takoe-dolgosrochnaya-arenda-spectekhniki-i-komu-ona-vygodna/","post","","","informational_or_directory","","existing_inventory","https://katet.tech/chto-takoe-dolgosrochnaya-arenda-spectekhniki-i-komu-ona-vygodna/","not_crawled","see keyword-research.csv","template=blog_or_article; lastmod=2026-02-19T11:40:59+00:00"
"/chto-takoe-tral-i-kakoy-vid-vybrat/","post","","","informational_or_directory","","existing_inventory","https://katet.tech/chto-takoe-tral-i-kakoy-vid-vybrat/","not_crawled","see keyword-research.csv","template=blog_or_article; lastmod=2026-02-17T15:44:20+00:00"
"/chto-znachit-razrabotka-grunta/","post","","","informational_or_directory","","existing_inventory","https://katet.tech/chto-znachit-razrabotka-grunta/","not_crawled","see keyword-research.csv","template=blog_or_article; lastmod=2026-02-13T15:56:23+00:00"
"/dlya-chego-ispolzuetsya-samosval/","post","","","informational_or_directory","","existing_inventory","https://katet.tech/dlya-chego-ispolzuetsya-samosval/","not_crawled","see keyword-research.csv","template=blog_or_article; lastmod=2026-02-17T12:23:47+00:00"
"/dlya-chego-nuzhna-avtovyshka/","post","","","informational_or_directory","","existing_inventory","https://katet.tech/dlya-chego-nuzhna-avtovyshka/","not_crawled","see keyword-research.csv","template=blog_or_article; lastmod=2026-02-17T15:23:57+00:00"
"/dlya-chego-prednaznacheny-buldozery/","post","","","informational_or_directory","","existing_inventory","https://katet.tech/dlya-chego-prednaznacheny-buldozery/","not_crawled","see keyword-research.csv","template=blog_or_article; lastmod=2026-02-16T09:36:41+00:00"
"/dlya-kakikh-rabot-podkhodit-mini-ehkskavator/","post","","","informational_or_directory","","existing_inventory","https://katet.tech/dlya-kakikh-rabot-podkhodit-mini-ehkskavator/","not_crawled","see keyword-research.csv","template=blog_or_article; lastmod=2026-02-13T11:21:25+00:00"
"/gde-zakazat-arendu-spectekhniki-v-moskve/","post","","","informational_or_directory","","existing_inventory","https://katet.tech/gde-zakazat-arendu-spectekhniki-v-moskve/","not_crawled","see keyword-research.csv","template=blog_or_article; lastmod=2026-02-13T10:58:52+00:00"
"/kakaya-spectekhnika-samaya-vostrebovannaya/","post","","","informational_or_directory","","existing_inventory","https://katet.tech/kakaya-spectekhnika-samaya-vostrebovannaya/","not_crawled","see keyword-research.csv","template=blog_or_article; lastmod=2026-02-17T08:08:20+00:00"
"/kakie-byvayut-dlinnomery/","post","","","informational_or_directory","","existing_inventory","https://katet.tech/kakie-byvayut-dlinnomery/","not_crawled","see keyword-research.csv","template=blog_or_article; lastmod=2026-02-17T15:32:20+00:00"
"/kakie-marki-avtokranov-populyarny-v-arende/","post","","","informational_or_directory","","existing_inventory","https://katet.tech/kakie-marki-avtokranov-populyarny-v-arende/","not_crawled","see keyword-research.csv","template=blog_or_article; lastmod=2026-02-24T09:15:19+00:00"
"/kakie-mashiny-otnosyatsya-k-zemlerojnym/","post","","","informational_or_directory","","existing_inventory","https://katet.tech/kakie-mashiny-otnosyatsya-k-zemlerojnym/","not_crawled","see keyword-research.csv","template=blog_or_article; lastmod=2026-02-17T08:59:51+00:00"
"/kakie-mini-pogruzchiki-byvayut/","post","","","informational_or_directory","","existing_inventory","https://katet.tech/kakie-mini-pogruzchiki-byvayut/","not_crawled","see keyword-research.csv","template=blog_or_article; lastmod=2026-02-17T15:07:01+00:00"
"/kakie-podiemniki-vybrat/","post","","","informational_or_directory","","existing_inventory","https://katet.tech/kakie-podiemniki-vybrat/","not_crawled","see keyword-research.csv","template=blog_or_article; lastmod=2025-10-30T08:55:28+00:00"
"/kakoj-avtokran-luchshe/","post","","","informational_or_directory","","existing_inventory","https://katet.tech/kakoj-avtokran-luchshe/","not_crawled","see keyword-research.csv","template=blog_or_article; lastmod=2026-02-17T13:42:09+00:00"
"/kakoj-ekskavator-luchshe-gusenichnyj-ili-kolesnyj/","post","","","informational_or_directory","","existing_inventory","https://katet.tech/kakoj-ekskavator-luchshe-gusenichnyj-ili-kolesnyj/","not_crawled","see keyword-research.csv","template=blog_or_article; lastmod=2026-02-17T11:12:38+00:00"
"/kakoj-katok-vybrat/","post","","","informational_or_directory","","existing_inventory","https://katet.tech/kakoj-katok-vybrat/","not_crawled","see keyword-research.csv","template=blog_or_article; lastmod=2026-02-13T12:39:08+00:00"
"/kakoj-mini-pogruzchik-luchshe/","post","","","informational_or_directory","","existing_inventory","https://katet.tech/kakoj-mini-pogruzchik-luchshe/","not_crawled","see keyword-research.csv","template=blog_or_article; lastmod=2026-02-17T12:28:29+00:00"
"/kakoj-vybrat-ehkskavator-pogruzchik/","post","","","informational_or_directory","","existing_inventory","https://katet.tech/kakoj-vybrat-ehkskavator-pogruzchik/","not_crawled","see keyword-research.csv","template=blog_or_article; lastmod=2026-02-17T10:04:04+00:00"
"/kak-pravilno-kopat-na-mini-ehkskavatore/","post","","","informational_or_directory","","existing_inventory","https://katet.tech/kak-pravilno-kopat-na-mini-ehkskavatore/","not_crawled","see keyword-research.csv","template=blog_or_article; lastmod=2026-02-17T10:09:32+00:00"
"/kak-pravilno-rabotat-na-ekskavatore-pogruzchike/","post","","","informational_or_directory","","existing_inventory","https://katet.tech/kak-pravilno-rabotat-na-ekskavatore-pogruzchike/","not_crawled","see keyword-research.csv","template=blog_or_article; lastmod=2026-02-17T13:41:23+00:00"
"/kak-rabotaet-ilosos/","post","","","informational_or_directory","","existing_inventory","https://katet.tech/kak-rabotaet-ilosos/","not_crawled","see keyword-research.csv","template=blog_or_article; lastmod=2026-02-17T15:38:22+00:00"
"/kak-rabotat-na-manipulyatore-novichku/","post","","","informational_or_directory","","existing_inventory","https://katet.tech/kak-rabotat-na-manipulyatore-novichku/","not_crawled","see keyword-research.csv","template=blog_or_article; lastmod=2026-02-17T09:44:16+00:00"
"/kak-vybrat-manipulyator/","post","","","informational_or_directory","","existing_inventory","https://katet.tech/kak-vybrat-manipulyator/","not_crawled","see keyword-research.csv","template=blog_or_article; lastmod=2026-02-17T11:47:19+00:00"
"/mini-pogruzchiki-bobcat-sravnitelnaya-kharakteristika-modelej-s130-s175-i-s770/","post","","","informational_or_directory","","existing_inventory","https://katet.tech/mini-pogruzchiki-bobcat-sravnitelnaya-kharakteristika-modelej-s130-s175-i-s770/","not_crawled","see keyword-research.csv","template=blog_or_article; lastmod=2026-02-13T12:05:58+00:00"
"/osobennosti-ehkspluatacii-buldozera-zimoj/","post","","","informational_or_directory","","existing_inventory","https://katet.tech/osobennosti-ehkspluatacii-buldozera-zimoj/","not_crawled","see keyword-research.csv","template=blog_or_article; lastmod=2026-02-19T11:16:44+00:00"
"/vidy-ekskavatorov/","post","","","informational_or_directory","","existing_inventory","https://katet.tech/vidy-ekskavatorov/","not_crawled","see keyword-research.csv","template=blog_or_article; lastmod=2026-02-17T14:00:33+00:00"
"/vidy-manipulyatorov/","post","","","informational_or_directory","","existing_inventory","https://katet.tech/vidy-manipulyatorov/","not_crawled","see keyword-research.csv","template=blog_or_article; lastmod=2026-02-17T09:53:10+00:00"
"/vidy-podyomnikov/","post","","","informational_or_directory","","existing_inventory","https://katet.tech/vidy-podyomnikov/","not_crawled","see keyword-research.csv","template=blog_or_article; lastmod=2026-02-17T10:27:16+00:00"
"/vidy-specztehniki-kakaya-byvaet-i-chto-vzyat-v-arendu/","post","","","informational_or_directory","","existing_inventory","https://katet.tech/vidy-specztehniki-kakaya-byvaet-i-chto-vzyat-v-arendu/","not_crawled","see keyword-research.csv","template=blog_or_article; lastmod=2026-02-17T14:02:22+00:00"
"/vidy-stroitelnoj-tehniki/","post","","","informational_or_directory","","existing_inventory","https://katet.tech/vidy-stroitelnoj-tehniki/","not_crawled","see keyword-research.csv","template=blog_or_article; lastmod=2026-02-17T13:00:22+00:00"
"/vidy-stroitelnykh-katkov/","post","","","informational_or_directory","","existing_inventory","https://katet.tech/vidy-stroitelnykh-katkov/","not_crawled","see keyword-research.csv","template=blog_or_article; lastmod=2026-02-13T12:48:57+00:00"
"/vidy-tralov/","post","","","informational_or_directory","","existing_inventory","https://katet.tech/vidy-tralov/","not_crawled","see keyword-research.csv","template=blog_or_article; lastmod=2026-02-17T15:58:10+00:00"
"/vybor-buldozera-dlya-zemlyanyh-rabot/","post","","","informational_or_directory","","existing_inventory","https://katet.tech/vybor-buldozera-dlya-zemlyanyh-rabot/","not_crawled","see keyword-research.csv","template=blog_or_article; lastmod=2026-02-17T13:28:51+00:00"
"/vybor-mini-ehkskavatora/","post","","","informational_or_directory","","existing_inventory","https://katet.tech/vybor-mini-ehkskavatora/","not_crawled","see keyword-research.csv","template=blog_or_article; lastmod=2026-02-13T15:44:22+00:00"
"/vybor-samosvala/","post","","","informational_or_directory","","existing_inventory","https://katet.tech/vybor-samosvala/","not_crawled","see keyword-research.csv","template=blog_or_article; lastmod=2026-02-13T15:31:52+00:00"
"/brand/arenda-ehkskavatora-volvo/","brand","","","navigational","","existing_inventory","https://katet.tech/brand/arenda-ehkskavatora-volvo/","not_crawled","see keyword-research.csv","template=brand_landing; lastmod=2025-12-10T09:04:25+00:00"
"/brand/arenda-ekskavatora-xcmg/","brand","","","navigational","","existing_inventory","https://katet.tech/brand/arenda-ekskavatora-xcmg/","not_crawled","see keyword-research.csv","template=brand_landing; lastmod=2025-12-10T09:04:44+00:00"
"/brand/arenda-gusenichnogo-mini-pogruzchika-bobket/","brand","","","navigational","","existing_inventory","https://katet.tech/brand/arenda-gusenichnogo-mini-pogruzchika-bobket/","not_crawled","see keyword-research.csv","template=brand_landing; lastmod=2025-10-17T09:02:51+00:00"
"/brand/arenda-mini-pogruzchika-bobcat/","brand","","","navigational","","existing_inventory","https://katet.tech/brand/arenda-mini-pogruzchika-bobcat/","not_crawled","see keyword-research.csv","template=brand_landing; lastmod=2025-10-17T08:33:34+00:00"
"/brand/avtokrany-chelyabinecz/","brand","","","navigational","","existing_inventory","https://katet.tech/brand/avtokrany-chelyabinecz/","not_crawled","see keyword-research.csv","template=brand_landing; lastmod=2025-04-21T16:43:31+00:00"
"/brand/avtokrany-galinchanin/","brand","","","navigational","","existing_inventory","https://katet.tech/brand/avtokrany-galinchanin/","not_crawled","see keyword-research.csv","template=brand_landing; lastmod=2026-01-22T07:22:00+00:00"
"/brand/avtokrany-ivanovecz/","brand","","","navigational","","existing_inventory","https://katet.tech/brand/avtokrany-ivanovecz/","not_crawled","see keyword-research.csv","template=brand_landing; lastmod=2026-01-22T07:23:48+00:00"
"/brand/avtokrany-klinczy/","brand","","","navigational","","existing_inventory","https://katet.tech/brand/avtokrany-klinczy/","not_crawled","see keyword-research.csv","template=brand_landing; lastmod=2026-01-22T07:22:45+00:00"
"/brand/avtokrany-liebherr/","brand","","","navigational","","existing_inventory","https://katet.tech/brand/avtokrany-liebherr/","not_crawled","see keyword-research.csv","template=brand_landing; lastmod=2025-06-26T07:49:10+00:00"
"/brand/avtokrany-xcmg/","brand","","","navigational","","existing_inventory","https://katet.tech/brand/avtokrany-xcmg/","not_crawled","see keyword-research.csv","template=brand_landing; lastmod=2025-06-26T07:39:40+00:00"
"/brand/avtovyshki-hino/","brand","","","navigational","","existing_inventory","https://katet.tech/brand/avtovyshki-hino/","not_crawled","see keyword-research.csv","template=brand_landing; lastmod=2025-08-15T07:47:47+00:00"
"/brand/avtovyshki-hyundai/","brand","","","navigational","","existing_inventory","https://katet.tech/brand/avtovyshki-hyundai/","not_crawled","see keyword-research.csv","template=brand_landing; lastmod=2025-08-14T07:54:38+00:00"
"/brand/avtovyshki-isuzi/","brand","","","navigational","","existing_inventory","https://katet.tech/brand/avtovyshki-isuzi/","not_crawled","see keyword-research.csv","template=brand_landing; lastmod=2025-08-14T07:39:17+00:00"
"/brand/avtovyshki-jac/","brand","","","navigational","","existing_inventory","https://katet.tech/brand/avtovyshki-jac/","not_crawled","see keyword-research.csv","template=brand_landing; lastmod=2025-06-30T07:50:07+00:00"
"/brand/avtovyshki-kamaz/","brand","","","navigational","","existing_inventory","https://katet.tech/brand/avtovyshki-kamaz/","not_crawled","see keyword-research.csv","template=brand_landing; lastmod=2025-07-29T11:49:11+00:00"
"/brand/avtovyshki-mitsubishi-fuso/","brand","","","navigational","","existing_inventory","https://katet.tech/brand/avtovyshki-mitsubishi-fuso/","not_crawled","see keyword-research.csv","template=brand_landing; lastmod=2025-06-30T08:03:38+00:00"
"/brand/buldozery-caterpillar/","brand","","","navigational","","existing_inventory","https://katet.tech/brand/buldozery-caterpillar/","not_crawled","see keyword-research.csv","template=brand_landing; lastmod=2025-07-07T10:53:57+00:00"
"/brand/buldozery-komatsu/","brand","","","navigational","","existing_inventory","https://katet.tech/brand/buldozery-komatsu/","not_crawled","see keyword-research.csv","template=brand_landing; lastmod=2025-07-07T10:51:33+00:00"
"/brand/buldozery-shantui/","brand","","","navigational","","existing_inventory","https://katet.tech/brand/buldozery-shantui/","not_crawled","see keyword-research.csv","template=brand_landing; lastmod=2025-07-07T10:55:03+00:00"
"/brand/buldozery-t-130/","brand","","","navigational","","existing_inventory","https://katet.tech/brand/buldozery-t-130/","not_crawled","see keyword-research.csv","template=brand_landing; lastmod=2025-07-07T10:53:34+00:00"
"/brand/buldozery-t-170/","brand","","","navigational","","existing_inventory","https://katet.tech/brand/buldozery-t-170/","not_crawled","see keyword-research.csv","template=brand_landing; lastmod=2025-07-07T10:53:09+00:00"
"/brand/dlinnomery-hyundai/","brand","","","navigational","","existing_inventory","https://katet.tech/brand/dlinnomery-hyundai/","not_crawled","see keyword-research.csv","template=brand_landing; lastmod=2025-05-05T14:02:30+00:00"
"/brand/dlinnomery-iveco/","brand","","","navigational","","existing_inventory","https://katet.tech/brand/dlinnomery-iveco/","not_crawled","see keyword-research.csv","template=brand_landing; lastmod=2025-05-05T12:15:07+00:00"
"/brand/dlinnomery-kamaz/","brand","","","navigational","","existing_inventory","https://katet.tech/brand/dlinnomery-kamaz/","not_crawled","see keyword-research.csv","template=brand_landing; lastmod=2025-05-05T14:03:51+00:00"
"/brand/dlinnomery-man/","brand","","","navigational","","existing_inventory","https://katet.tech/brand/dlinnomery-man/","not_crawled","see keyword-research.csv","template=brand_landing; lastmod=2025-05-05T14:02:14+00:00"
"/brand/dlinnomery-maz/","brand","","","navigational","","existing_inventory","https://katet.tech/brand/dlinnomery-maz/","not_crawled","see keyword-research.csv","template=brand_landing; lastmod=2025-05-05T12:15:07+00:00"
"/brand/ekskavatory-case/","brand","","","navigational","","existing_inventory","https://katet.tech/brand/ekskavatory-case/","not_crawled","see keyword-research.csv","template=brand_landing; lastmod=2025-08-26T08:55:08+00:00"
"/brand/ekskavatory-caterpillar/","brand","","","navigational","","existing_inventory","https://katet.tech/brand/ekskavatory-caterpillar/","not_crawled","see keyword-research.csv","template=brand_landing; lastmod=2025-08-26T08:58:36+00:00"
"/brand/ekskavatory-doosan/","brand","","","navigational","","existing_inventory","https://katet.tech/brand/ekskavatory-doosan/","not_crawled","see keyword-research.csv","template=brand_landing; lastmod=2025-08-26T08:56:06+00:00"
"/brand/ekskavatory-hitachi/","brand","","","navigational","","existing_inventory","https://katet.tech/brand/ekskavatory-hitachi/","not_crawled","see keyword-research.csv","template=brand_landing; lastmod=2025-08-26T08:57:26+00:00"
"/brand/ekskavatory-hyundai/","brand","","","navigational","","existing_inventory","https://katet.tech/brand/ekskavatory-hyundai/","not_crawled","see keyword-research.csv","template=brand_landing; lastmod=2025-08-26T08:56:41+00:00"
"/brand/ekskavatory-jcb/","brand","","","navigational","","existing_inventory","https://katet.tech/brand/ekskavatory-jcb/","not_crawled","see keyword-research.csv","template=brand_landing; lastmod=2025-08-26T08:58:13+00:00"
"/brand/ekskavatory-komatsu/","brand","","","navigational","","existing_inventory","https://katet.tech/brand/ekskavatory-komatsu/","not_crawled","see keyword-research.csv","template=brand_landing; lastmod=2025-08-26T08:56:59+00:00"
"/brand/ekskavatory-pogruzchiki-case/","brand","","","navigational","","existing_inventory","https://katet.tech/brand/ekskavatory-pogruzchiki-case/","not_crawled","see keyword-research.csv","template=brand_landing; lastmod=2026-01-12T09:11:59+00:00"
"/brand/ekskavatory-pogruzchiki-cat/","brand","","","navigational","","existing_inventory","https://katet.tech/brand/ekskavatory-pogruzchiki-cat/","not_crawled","see keyword-research.csv","template=brand_landing; lastmod=2026-01-12T09:12:24+00:00"
"/brand/ekskavatory-pogruzchiki-jcb/","brand","","","navigational","","existing_inventory","https://katet.tech/brand/ekskavatory-pogruzchiki-jcb/","not_crawled","see keyword-research.csv","template=brand_landing; lastmod=2026-01-12T09:11:35+00:00"
"/brand/ekskavatory-pogruzchiki-new-hohland/","brand","","","navigational","","existing_inventory","https://katet.tech/brand/ekskavatory-pogruzchiki-new-hohland/","not_crawled","see keyword-research.csv","template=brand_landing; lastmod=2026-01-12T09:12:57+00:00"
"/brand/kompressory-atlas-copco/","brand","","","navigational","","existing_inventory","https://katet.tech/brand/kompressory-atlas-copco/","not_crawled","see keyword-research.csv","template=brand_landing; lastmod=2025-09-26T08:07:06+00:00"
"/brand/krany-manipulyatory-daewoo/","brand","","","navigational","","existing_inventory","https://katet.tech/brand/krany-manipulyatory-daewoo/","not_crawled","see keyword-research.csv","template=brand_landing; lastmod=2026-01-12T09:16:08+00:00"
"/brand/krany-manipulyatory-isuzu/","brand","","","navigational","","existing_inventory","https://katet.tech/brand/krany-manipulyatory-isuzu/","not_crawled","see keyword-research.csv","template=brand_landing; lastmod=2026-01-12T09:15:07+00:00"
"/brand/krany-manipulyatory-kamaz/","brand","","","navigational","","existing_inventory","https://katet.tech/brand/krany-manipulyatory-kamaz/","not_crawled","see keyword-research.csv","template=brand_landing; lastmod=2026-01-19T08:07:37+00:00"
"/brand/podemniki-aurora/","brand","","","navigational","","existing_inventory","https://katet.tech/brand/podemniki-aurora/","not_crawled","see keyword-research.csv","template=brand_landing; lastmod=2025-09-24T10:03:10+00:00"
"/brand/podemniki-genie/","brand","","","navigational","","existing_inventory","https://katet.tech/brand/podemniki-genie/","not_crawled","see keyword-research.csv","template=brand_landing; lastmod=2025-04-30T07:24:02+00:00"
"/brand/podemniki-haulotte/","brand","","","navigational","","existing_inventory","https://katet.tech/brand/podemniki-haulotte/","not_crawled","see keyword-research.csv","template=brand_landing; lastmod=2025-04-30T07:24:19+00:00"
"/brand/samosvaly-howo/","brand","","","navigational","","existing_inventory","https://katet.tech/brand/samosvaly-howo/","not_crawled","see keyword-research.csv","template=brand_landing; lastmod=2025-04-21T17:18:24+00:00"
"/brand/samosvaly-kamaz/","brand","","","navigational","","existing_inventory","https://katet.tech/brand/samosvaly-kamaz/","not_crawled","see keyword-research.csv","template=brand_landing; lastmod=2025-04-21T17:16:47+00:00"
"/brand/samosvaly-man/","brand","","","navigational","","existing_inventory","https://katet.tech/brand/samosvaly-man/","not_crawled","see keyword-research.csv","template=brand_landing; lastmod=2025-04-21T17:17:15+00:00"
"/brand/samosvaly-scania/","brand","","","navigational","","existing_inventory","https://katet.tech/brand/samosvaly-scania/","not_crawled","see keyword-research.csv","template=brand_landing; lastmod=2025-04-21T16:14:21+00:00"
"/arenda_spetstekhniki/","spetstekhnika","","","navigational","","existing_inventory","https://katet.tech/arenda_spetstekhniki/","not_crawled","see keyword-research.csv","template=equipment_item; lastmod=2026-02-24T09:21:29+00:00"
"/arenda_spetstekhniki/avtokran-chelyabinecz-vezdehod-16-tonn/","spetstekhnika","","","navigational","","existing_inventory","https://katet.tech/arenda_spetstekhniki/avtokran-chelyabinecz-vezdehod-16-tonn/","not_crawled","see keyword-research.csv","template=equipment_item; lastmod=2025-04-21T16:42:31+00:00"
"/arenda_spetstekhniki/avtokran-chelyabinecz-vezdehod-32-tonny/","spetstekhnika","","","navigational","","existing_inventory","https://katet.tech/arenda_spetstekhniki/avtokran-chelyabinecz-vezdehod-32-tonny/","not_crawled","see keyword-research.csv","template=equipment_item; lastmod=2025-04-21T16:43:31+00:00"
"/arenda_spetstekhniki/avtokran-galinchanin-25-tonn-s-guskom/","spetstekhnika","","","navigational","","existing_inventory","https://katet.tech/arenda_spetstekhniki/avtokran-galinchanin-25-tonn-s-guskom/","not_crawled","see keyword-research.csv","template=equipment_item; lastmod=2026-01-22T07:22:00+00:00"
"/arenda_spetstekhniki/avtokran-ivanovecz-25-tonn/","spetstekhnika","","","navigational","","existing_inventory","https://katet.tech/arenda_spetstekhniki/avtokran-ivanovecz-25-tonn/","not_crawled","see keyword-research.csv","template=equipment_item; lastmod=2026-01-22T07:21:13+00:00"
"/arenda_spetstekhniki/avtokran-ivanovecz-40-tonn-s-guskom/","spetstekhnika","","","navigational","","existing_inventory","https://katet.tech/arenda_spetstekhniki/avtokran-ivanovecz-40-tonn-s-guskom/","not_crawled","see keyword-research.csv","template=equipment_item; lastmod=2026-01-22T07:23:18+00:00"
"/arenda_spetstekhniki/avtokran-ivanovecz-50-tonn-s-guskom/","spetstekhnika","","","navigational","","existing_inventory","https://katet.tech/arenda_spetstekhniki/avtokran-ivanovecz-50-tonn-s-guskom/","not_crawled","see keyword-research.csv","template=equipment_item; lastmod=2026-01-22T07:23:48+00:00"
"/arenda_spetstekhniki/avtokran-ivanovecz-vezdehod-25-tonn/","spetstekhnika","","","navigational","","existing_inventory","https://katet.tech/arenda_spetstekhniki/avtokran-ivanovecz-vezdehod-25-tonn/","not_crawled","see keyword-research.csv","template=equipment_item; lastmod=2025-04-21T16:44:29+00:00"
"/arenda_spetstekhniki/avtokran-kamaz-ks-35714k-3-ivanovec-16-tonn/","spetstekhnika","","","navigational","","existing_inventory","https://katet.tech/arenda_spetstekhniki/avtokran-kamaz-ks-35714k-3-ivanovec-16-tonn/","not_crawled","see keyword-research.csv","template=equipment_item; lastmod=2026-02-24T09:21:29+00:00"
"/arenda_spetstekhniki/avtokran-klinczy-32-tonny/","spetstekhnika","","","navigational","","existing_inventory","https://katet.tech/arenda_spetstekhniki/avtokran-klinczy-32-tonny/","not_crawled","see keyword-research.csv","template=equipment_item; lastmod=2026-01-22T07:22:45+00:00"
"/arenda_spetstekhniki/avtokran-liebherr-100-tonn/","spetstekhnika","","","navigational","","existing_inventory","https://katet.tech/arenda_spetstekhniki/avtokran-liebherr-100-tonn/","not_crawled","see keyword-research.csv","template=equipment_item; lastmod=2025-04-21T17:08:45+00:00"
"/arenda_spetstekhniki/avtokran-liebherr-130-tonn/","spetstekhnika","","","navigational","","existing_inventory","https://katet.tech/arenda_spetstekhniki/avtokran-liebherr-130-tonn/","not_crawled","see keyword-research.csv","template=equipment_item; lastmod=2025-04-21T17:09:16+00:00"
"/arenda_spetstekhniki/avtokran-liebherr-200-tonn/","spetstekhnika","","","navigational","","existing_inventory","https://katet.tech/arenda_spetstekhniki/avtokran-liebherr-200-tonn/","not_crawled","see keyword-research.csv","template=equipment_item; lastmod=2025-04-21T17:09:34+00:00"
"/arenda_spetstekhniki/avtokran-liebherr-250-tonn/","spetstekhnika","","","navigational","","existing_inventory","https://katet.tech/arenda_spetstekhniki/avtokran-liebherr-250-tonn/","not_crawled","see keyword-research.csv","template=equipment_item; lastmod=2025-04-23T07:15:17+00:00"
"/arenda_spetstekhniki/avtokran-liebherr-90-tonn/","spetstekhnika","","","navigational","","existing_inventory","https://katet.tech/arenda_spetstekhniki/avtokran-liebherr-90-tonn/","not_crawled","see keyword-research.csv","template=equipment_item; lastmod=2025-06-26T07:49:10+00:00"
"/arenda_spetstekhniki/avtokran-xcmg-60-tonn/","spetstekhnika","","","navigational","","existing_inventory","https://katet.tech/arenda_spetstekhniki/avtokran-xcmg-60-tonn/","not_crawled","see keyword-research.csv","template=equipment_item; lastmod=2025-04-21T16:48:15+00:00"
"/arenda_spetstekhniki/avtokran-xcmg-70-tonn/","spetstekhnika","","","navigational","","existing_inventory","https://katet.tech/arenda_spetstekhniki/avtokran-xcmg-70-tonn/","not_crawled","see keyword-research.csv","template=equipment_item; lastmod=2025-06-26T07:39:40+00:00"
"/arenda_spetstekhniki/avtovyshka-12-14-m-s-gruzovoj-platformoj/","spetstekhnika","","","navigational","","existing_inventory","https://katet.tech/arenda_spetstekhniki/avtovyshka-12-14-m-s-gruzovoj-platformoj/","not_crawled","see keyword-research.csv","template=equipment_item; lastmod=2025-06-30T07:31:17+00:00"
"/arenda_spetstekhniki/avtovyshka-16-18-m-s-gruzovoj-platformoj/","spetstekhnika","","","navigational","","existing_inventory","https://katet.tech/arenda_spetstekhniki/avtovyshka-16-18-m-s-gruzovoj-platformoj/","not_crawled","see keyword-research.csv","template=equipment_item; lastmod=2025-06-30T07:50:39+00:00"
"/arenda_spetstekhniki/avtovyshka-16-m/","spetstekhnika","","","navigational","","existing_inventory","https://katet.tech/arenda_spetstekhniki/avtovyshka-16-m/","not_crawled","see keyword-research.csv","template=equipment_item; lastmod=2025-06-30T07:50:07+00:00"
"/arenda_spetstekhniki/avtovyshka-18-m/","spetstekhnika","","","navigational","","existing_inventory","https://katet.tech/arenda_spetstekhniki/avtovyshka-18-m/","not_crawled","see keyword-research.csv","template=equipment_item; lastmod=2025-06-30T08:03:38+00:00"
"/arenda_spetstekhniki/avtovyshka-22-m/","spetstekhnika","","","navigational","","existing_inventory","https://katet.tech/arenda_spetstekhniki/avtovyshka-22-m/","not_crawled","see keyword-research.csv","template=equipment_item; lastmod=2025-08-14T07:39:17+00:00"
"/arenda_spetstekhniki/avtovyshka-24-m/","spetstekhnika","","","navigational","","existing_inventory","https://katet.tech/arenda_spetstekhniki/avtovyshka-24-m/","not_crawled","see keyword-research.csv","template=equipment_item; lastmod=2025-08-14T07:54:38+00:00"
"/arenda_spetstekhniki/avtovyshka-28-m/","spetstekhnika","","","navigational","","existing_inventory","https://katet.tech/arenda_spetstekhniki/avtovyshka-28-m/","not_crawled","see keyword-research.csv","template=equipment_item; lastmod=2025-08-15T07:47:47+00:00"
"/arenda_spetstekhniki/avtovyshka-32-m/","spetstekhnika","","","navigational","","existing_inventory","https://katet.tech/arenda_spetstekhniki/avtovyshka-32-m/","not_crawled","see keyword-research.csv","template=equipment_item; lastmod=2025-07-16T09:11:41+00:00"
"/arenda_spetstekhniki/avtovyshka-32-m-vezdehod/","spetstekhnika","","","navigational","","existing_inventory","https://katet.tech/arenda_spetstekhniki/avtovyshka-32-m-vezdehod/","not_crawled","see keyword-research.csv","template=equipment_item; lastmod=2025-07-29T11:49:11+00:00"
"/arenda_spetstekhniki/avtovyshka-36-m/","spetstekhnika","","","navigational","","existing_inventory","https://katet.tech/arenda_spetstekhniki/avtovyshka-36-m/","not_crawled","see keyword-research.csv","template=equipment_item; lastmod=2025-07-17T07:16:00+00:00"
"/arenda_spetstekhniki/avtovyshka-40-m/","spetstekhnika","","","navigational","","existing_inventory","https://katet.tech/arenda_spetstekhniki/avtovyshka-40-m/","not_crawled","see keyword-research.csv","template=equipment_item; lastmod=2025-07-18T07:17:29+00:00"
"/arenda_spetstekhniki/avtovyshka-45-m/","spetstekhnika","","","navigational","","existing_inventory","https://katet.tech/arenda_spetstekhniki/avtovyshka-45-m/","not_crawled","see keyword-research.csv","template=equipment_item; lastmod=2025-07-22T09:03:08+00:00"
"/arenda_spetstekhniki/avtovyshka-45-m-vezdehod/","spetstekhnika","","","navigational","","existing_inventory","https://katet.tech/arenda_spetstekhniki/avtovyshka-45-m-vezdehod/","not_crawled","see keyword-research.csv","template=equipment_item; lastmod=2025-07-29T11:48:56+00:00"
"/arenda_spetstekhniki/avtovyshka-60-m/","spetstekhnika","","","navigational","","existing_inventory","https://katet.tech/arenda_spetstekhniki/avtovyshka-60-m/","not_crawled","see keyword-research.csv","template=equipment_item; lastmod=2025-07-29T11:21:45+00:00"
"/arenda_spetstekhniki/bortovoj-dlinnomer-iveco-125-m-20-tonn/","spetstekhnika","","","navigational","","existing_inventory","https://katet.tech/arenda_spetstekhniki/bortovoj-dlinnomer-iveco-125-m-20-tonn/","not_crawled","see keyword-research.csv","template=equipment_item; lastmod=2025-05-05T12:15:07+00:00"
"/arenda_spetstekhniki/bortovoj-dlinnomer-man-136-m-25-tonn/","spetstekhnika","","","navigational","","existing_inventory","https://katet.tech/arenda_spetstekhniki/bortovoj-dlinnomer-man-136-m-25-tonn/","not_crawled","see keyword-research.csv","template=equipment_item; lastmod=2025-05-05T14:02:14+00:00"
"/arenda_spetstekhniki/bortovoj-dlinnomer-maz-11-m-20-tonn/","spetstekhnika","","","navigational","","existing_inventory","https://katet.tech/arenda_spetstekhniki/bortovoj-dlinnomer-maz-11-m-20-tonn/","not_crawled","see keyword-research.csv","template=equipment_item; lastmod=2025-05-05T12:15:07+00:00"
"/arenda_spetstekhniki/buldozer-caterpillar-d5g/","spetstekhnika","","","navigational","","existing_inventory","https://katet.tech/arenda_spetstekhniki/buldozer-caterpillar-d5g/","not_crawled","see keyword-research.csv","template=equipment_item; lastmod=2025-07-07T10:52:47+00:00"
"/arenda_spetstekhniki/buldozer-caterpillar-d6/","spetstekhnika","","","navigational","","existing_inventory","https://katet.tech/arenda_spetstekhniki/buldozer-caterpillar-d6/","not_crawled","see keyword-research.csv","template=equipment_item; lastmod=2025-07-07T10:52:20+00:00"
"/arenda_spetstekhniki/buldozer-caterpillar-d9r/","spetstekhnika","","","navigational","","existing_inventory","https://katet.tech/arenda_spetstekhniki/buldozer-caterpillar-d9r/","not_crawled","see keyword-research.csv","template=equipment_item; lastmod=2025-07-07T10:53:57+00:00"
"/arenda_spetstekhniki/buldozer-komatsu-d65ex/","spetstekhnika","","","navigational","","existing_inventory","https://katet.tech/arenda_spetstekhniki/buldozer-komatsu-d65ex/","not_crawled","see keyword-research.csv","template=equipment_item; lastmod=2025-07-07T10:51:33+00:00"
"/arenda_spetstekhniki/buldozer-shantui-sd08/","spetstekhnika","","","navigational","","existing_inventory","https://katet.tech/arenda_spetstekhniki/buldozer-shantui-sd08/","not_crawled","see keyword-research.csv","template=equipment_item; lastmod=2025-07-07T10:55:03+00:00"
"/arenda_spetstekhniki/buldozer-shantui-sd16/","spetstekhnika","","","navigational","","existing_inventory","https://katet.tech/arenda_spetstekhniki/buldozer-shantui-sd16/","not_crawled","see keyword-research.csv","template=equipment_item; lastmod=2025-07-07T10:54:43+00:00"
"/arenda_spetstekhniki/buldozer-shantui-sd32/","spetstekhnika","","","navigational","","existing_inventory","https://katet.tech/arenda_spetstekhniki/buldozer-shantui-sd32/","not_crawled","see keyword-research.csv","template=equipment_item; lastmod=2025-07-07T10:54:19+00:00"
"/arenda_spetstekhniki/buldozer-t-130/","spetstekhnika","","","navigational","","existing_inventory","https://katet.tech/arenda_spetstekhniki/buldozer-t-130/","not_crawled","see keyword-research.csv","template=equipment_item; lastmod=2025-07-07T10:53:34+00:00"
"/arenda_spetstekhniki/buldozer-t-170/","spetstekhnika","","","navigational","","existing_inventory","https://katet.tech/arenda_spetstekhniki/buldozer-t-170/","not_crawled","see keyword-research.csv","template=equipment_item; lastmod=2025-07-07T10:53:09+00:00"
"/arenda_spetstekhniki/dizelnyj-kompressor-kaeser-m1001-2-molotka-3-4-molotka-betonolomy-produvka/","spetstekhnika","","","navigational","","existing_inventory","https://katet.tech/arenda_spetstekhniki/dizelnyj-kompressor-kaeser-m1001-2-molotka-3-4-molotka-betonolomy-produvka/","not_crawled","see keyword-research.csv","template=equipment_item; lastmod=2025-04-21T17:34:24+00:00"
"/arenda_spetstekhniki/dlinnomer-platforma-hyundai-16-m-25-tonn/","spetstekhnika","","","navigational","","existing_inventory","https://katet.tech/arenda_spetstekhniki/dlinnomer-platforma-hyundai-16-m-25-tonn/","not_crawled","see keyword-research.csv","template=equipment_item; lastmod=2025-05-05T14:02:30+00:00"
"/arenda_spetstekhniki/dlinnomer-vezdehod-kamaz-125-m-20-tonn/","spetstekhnika","","","navigational","","existing_inventory","https://katet.tech/arenda_spetstekhniki/dlinnomer-vezdehod-kamaz-125-m-20-tonn/","not_crawled","see keyword-research.csv","template=equipment_item; lastmod=2025-05-05T14:03:51+00:00"
"/arenda_spetstekhniki/dlinnorukij-gusenichnyj-ekskavator-case-cx240b-lr/","spetstekhnika","","","navigational","","existing_inventory","https://katet.tech/arenda_spetstekhniki/dlinnorukij-gusenichnyj-ekskavator-case-cx240b-lr/","not_crawled","see keyword-research.csv","template=equipment_item; lastmod=2025-08-26T08:55:08+00:00"
"/arenda_spetstekhniki/ekskavator-pogruzchik-case-590st/","spetstekhnika","","","navigational","","existing_inventory","https://katet.tech/arenda_spetstekhniki/ekskavator-pogruzchik-case-590st/","not_crawled","see keyword-research.csv","template=equipment_item; lastmod=2026-01-12T09:11:59+00:00"
"/arenda_spetstekhniki/ekskavator-pogruzchik-cat-444f-2/","spetstekhnika","","","navigational","","existing_inventory","https://katet.tech/arenda_spetstekhniki/ekskavator-pogruzchik-cat-444f-2/","not_crawled","see keyword-research.csv","template=equipment_item; lastmod=2026-01-12T09:12:24+00:00"
"/arenda_spetstekhniki/ekskavator-pogruzchik-jcb-3cx/","spetstekhnika","","","navigational","","existing_inventory","https://katet.tech/arenda_spetstekhniki/ekskavator-pogruzchik-jcb-3cx/","not_crawled","see keyword-research.csv","template=equipment_item; lastmod=2026-01-12T09:09:41+00:00"
"/arenda_spetstekhniki/ekskavator-pogruzchik-jcb-3cx-s-gidromolotom/","spetstekhnika","","","navigational","","existing_inventory","https://katet.tech/arenda_spetstekhniki/ekskavator-pogruzchik-jcb-3cx-s-gidromolotom/","not_crawled","see keyword-research.csv","template=equipment_item; lastmod=2026-01-12T09:11:06+00:00"
"/arenda_spetstekhniki/ekskavator-pogruzchik-jcb-4cx/","spetstekhnika","","","navigational","","existing_inventory","https://katet.tech/arenda_spetstekhniki/ekskavator-pogruzchik-jcb-4cx/","not_crawled","see keyword-research.csv","template=equipment_item; lastmod=2026-01-12T09:11:35+00:00"
"/arenda_spetstekhniki/ekskavator-pogruzchik-new-hohland-b95c/","spetstekhnika","","","navigational","","existing_inventory","https://katet.tech/arenda_spetstekhniki/ekskavator-pogruzchik-new-hohland-b95c/","not_crawled","see keyword-research.csv","template=equipment_item; lastmod=2026-01-12T09:12:57+00:00"
"/arenda_spetstekhniki/gabaritnyj-gusenichnyj-ekskavator-volvo-ce180blc/","spetstekhnika","","","navigational","","existing_inventory","https://katet.tech/arenda_spetstekhniki/gabaritnyj-gusenichnyj-ekskavator-volvo-ce180blc/","not_crawled","see keyword-research.csv","template=equipment_item; lastmod=2025-12-10T09:04:25+00:00"
"/arenda_spetstekhniki/gabaritnyj-gusenichnyj-ekskavator-xcmg-xe225dn/","spetstekhnika","","","navigational","","existing_inventory","https://katet.tech/arenda_spetstekhniki/gabaritnyj-gusenichnyj-ekskavator-xcmg-xe225dn/","not_crawled","see keyword-research.csv","template=equipment_item; lastmod=2025-12-10T09:04:44+00:00"
"/arenda_spetstekhniki/gusenichnyj-ekskavator-doosan-dx300lc/","spetstekhnika","","","navigational","","existing_inventory","https://katet.tech/arenda_spetstekhniki/gusenichnyj-ekskavator-doosan-dx300lc/","not_crawled","see keyword-research.csv","template=equipment_item; lastmod=2025-08-26T08:56:06+00:00"
"/arenda_spetstekhniki/gusenichnyj-ekskavator-hitachi-zx330lc/","spetstekhnika","","","navigational","","existing_inventory","https://katet.tech/arenda_spetstekhniki/gusenichnyj-ekskavator-hitachi-zx330lc/","not_crawled","see keyword-research.csv","template=equipment_item; lastmod=2025-08-26T08:55:49+00:00"
"/arenda_spetstekhniki/gusenichnyj-ekskavator-hyundai-r260lc-9s/","spetstekhnika","","","navigational","","existing_inventory","https://katet.tech/arenda_spetstekhniki/gusenichnyj-ekskavator-hyundai-r260lc-9s/","not_crawled","see keyword-research.csv","template=equipment_item; lastmod=2025-08-26T08:56:41+00:00"
"/arenda_spetstekhniki/gusenichnyj-ekskavator-komatsu-pc220-7/","spetstekhnika","","","navigational","","existing_inventory","https://katet.tech/arenda_spetstekhniki/gusenichnyj-ekskavator-komatsu-pc220-7/","not_crawled","see keyword-research.csv","template=equipment_item; lastmod=2025-08-26T08:56:59+00:00"
"/arenda_spetstekhniki/gusenichnyj-mini-pogruzchik-bobcat-t190-t590/","spetstekhnika","","","navigational","","existing_inventory","https://katet.tech/arenda_spetstekhniki/gusenichnyj-mini-pogruzchik-bobcat-t190-t590/","not_crawled","see keyword-research.csv","template=equipment_item; lastmod=2025-10-17T09:02:51+00:00"
"/arenda_spetstekhniki/ilosos-ko-530-01/","spetstekhnika","","","navigational","","existing_inventory","https://katet.tech/arenda_spetstekhniki/ilosos-ko-530-01/","not_crawled","see keyword-research.csv","template=equipment_item; lastmod=2025-04-21T17:31:47+00:00"
"/arenda_spetstekhniki/ilosos-ko-530-21/","spetstekhnika","","","navigational","","existing_inventory","https://katet.tech/arenda_spetstekhniki/ilosos-ko-530-21/","not_crawled","see keyword-research.csv","template=equipment_item; lastmod=2025-04-21T17:31:50+00:00"
"/arenda_spetstekhniki/ilosos-kroll-20/","spetstekhnika","","","navigational","","existing_inventory","https://katet.tech/arenda_spetstekhniki/ilosos-kroll-20/","not_crawled","see keyword-research.csv","template=equipment_item; lastmod=2025-04-21T17:31:36+00:00"
"/arenda_spetstekhniki/ilosos-mbc-12/","spetstekhnika","","","navigational","","existing_inventory","https://katet.tech/arenda_spetstekhniki/ilosos-mbc-12/","not_crawled","see keyword-research.csv","template=equipment_item; lastmod=2025-04-21T17:31:40+00:00"
"/arenda_spetstekhniki/katok-ammann-av-26-k-kombinirovannyj-3-t-4-t/","spetstekhnika","","","navigational","","existing_inventory","https://katet.tech/arenda_spetstekhniki/katok-ammann-av-26-k-kombinirovannyj-3-t-4-t/","not_crawled","see keyword-research.csv","template=equipment_item; lastmod=2025-05-05T14:23:54+00:00"
"/arenda_spetstekhniki/katok-bomag-bw-177-75-tonn/","spetstekhnika","","","navigational","","existing_inventory","https://katet.tech/arenda_spetstekhniki/katok-bomag-bw-177-75-tonn/","not_crawled","see keyword-research.csv","template=equipment_item; lastmod=2025-05-05T14:22:06+00:00"
"/arenda_spetstekhniki/katok-bomag-bw-211-11-tonn/","spetstekhnika","","","navigational","","existing_inventory","https://katet.tech/arenda_spetstekhniki/katok-bomag-bw-211-11-tonn/","not_crawled","see keyword-research.csv","template=equipment_item; lastmod=2025-05-05T14:22:06+00:00"
"/arenda_spetstekhniki/katok-hamm-3412-gruntovyj-142-tonn/","spetstekhnika","","","navigational","","existing_inventory","https://katet.tech/arenda_spetstekhniki/katok-hamm-3412-gruntovyj-142-tonn/","not_crawled","see keyword-research.csv","template=equipment_item; lastmod=2025-05-05T14:22:06+00:00"
"/arenda_spetstekhniki/katok-hamm-hd-120-vv-13tonn/","spetstekhnika","","","navigational","","existing_inventory","https://katet.tech/arenda_spetstekhniki/katok-hamm-hd-120-vv-13tonn/","not_crawled","see keyword-research.csv","template=equipment_item; lastmod=2025-05-05T14:24:19+00:00"
"/arenda_spetstekhniki/katok-hamm-hd-90-95-tonn/","spetstekhnika","","","navigational","","existing_inventory","https://katet.tech/arenda_spetstekhniki/katok-hamm-hd-90-95-tonn/","not_crawled","see keyword-research.csv","template=equipment_item; lastmod=2025-05-05T14:24:11+00:00"
"/arenda_spetstekhniki/katok-kulachkovyj-bomag-bw-213-d5/","spetstekhnika","","","navigational","","existing_inventory","https://katet.tech/arenda_spetstekhniki/katok-kulachkovyj-bomag-bw-213-d5/","not_crawled","see keyword-research.csv","template=equipment_item; lastmod=2025-10-17T08:14:02+00:00"
"/arenda_spetstekhniki/kolenchatyj-podemnik-genie-z-51-30j-rt/","spetstekhnika","","","navigational","","existing_inventory","https://katet.tech/arenda_spetstekhniki/kolenchatyj-podemnik-genie-z-51-30j-rt/","not_crawled","see keyword-research.csv","template=equipment_item; lastmod=2025-04-30T07:23:42+00:00"
"/arenda_spetstekhniki/kolenchatyj-podemnik-haulotte-ha12px/","spetstekhnika","","","navigational","","existing_inventory","https://katet.tech/arenda_spetstekhniki/kolenchatyj-podemnik-haulotte-ha12px/","not_crawled","see keyword-research.csv","template=equipment_item; lastmod=2025-04-30T07:23:42+00:00"
"/arenda_spetstekhniki/kolenchatyj-podemnik-haulotte-ha20-le-pro/","spetstekhnika","","","navigational","","existing_inventory","https://katet.tech/arenda_spetstekhniki/kolenchatyj-podemnik-haulotte-ha20-le-pro/","not_crawled","see keyword-research.csv","template=equipment_item; lastmod=2025-04-30T07:23:42+00:00"
"/arenda_spetstekhniki/kolesnyj-ekskavator-case-wx210/","spetstekhnika","","","navigational","","existing_inventory","https://katet.tech/arenda_spetstekhniki/kolesnyj-ekskavator-case-wx210/","not_crawled","see keyword-research.csv","template=equipment_item; lastmod=2025-08-26T08:54:26+00:00"
"/arenda_spetstekhniki/kolesnyj-ekskavator-caterpillar-m315d/","spetstekhnika","","","navigational","","existing_inventory","https://katet.tech/arenda_spetstekhniki/kolesnyj-ekskavator-caterpillar-m315d/","not_crawled","see keyword-research.csv","template=equipment_item; lastmod=2025-08-26T08:58:36+00:00"
"/arenda_spetstekhniki/kolesnyj-ekskavator-doosan-dx210w/","spetstekhnika","","","navigational","","existing_inventory","https://katet.tech/arenda_spetstekhniki/kolesnyj-ekskavator-doosan-dx210w/","not_crawled","see keyword-research.csv","template=equipment_item; lastmod=2025-07-07T10:43:29+00:00"
"/arenda_spetstekhniki/kolesnyj-ekskavator-jcb-js130w/","spetstekhnika","","","navigational","","existing_inventory","https://katet.tech/arenda_spetstekhniki/kolesnyj-ekskavator-jcb-js130w/","not_crawled","see keyword-research.csv","template=equipment_item; lastmod=2025-08-26T08:58:13+00:00"
"/arenda_spetstekhniki/kolesnyj-ekskavator-jcb-js200w/","spetstekhnika","","","navigational","","existing_inventory","https://katet.tech/arenda_spetstekhniki/kolesnyj-ekskavator-jcb-js200w/","not_crawled","see keyword-research.csv","template=equipment_item; lastmod=2025-08-26T08:54:45+00:00"
"/arenda_spetstekhniki/kolyosnyj-ekskavator-hitachi-zx190w-5a/","spetstekhnika","","","navigational","","existing_inventory","https://katet.tech/arenda_spetstekhniki/kolyosnyj-ekskavator-hitachi-zx190w-5a/","not_crawled","see keyword-research.csv","template=equipment_item; lastmod=2025-08-26T08:57:26+00:00"
"/arenda_spetstekhniki/kompressor-atlas-copco-xahs-146-1-2-molotka-3-4-molotka-betonolomy-produvka/","spetstekhnika","","","navigational","","existing_inventory","https://katet.tech/arenda_spetstekhniki/kompressor-atlas-copco-xahs-146-1-2-molotka-3-4-molotka-betonolomy-produvka/","not_crawled","see keyword-research.csv","template=equipment_item; lastmod=2025-09-26T08:07:06+00:00"
"/arenda_spetstekhniki/kompressor-atlas-copco-xahs-146-1-2-molotka-3-4-molotka-betonolomy-produvka-2/","spetstekhnika","","","navigational","","existing_inventory","https://katet.tech/arenda_spetstekhniki/kompressor-atlas-copco-xahs-146-1-2-molotka-3-4-molotka-betonolomy-produvka-2/","not_crawled","see keyword-research.csv","template=equipment_item; lastmod=2025-09-26T08:06:54+00:00"
"/arenda_spetstekhniki/kompressor-atlas-copco-xahs-78-kd-1-2-molotka-3-4-molotka-betonolomy-produvka/","spetstekhnika","","","navigational","","existing_inventory","https://katet.tech/arenda_spetstekhniki/kompressor-atlas-copco-xahs-78-kd-1-2-molotka-3-4-molotka-betonolomy-produvka/","not_crawled","see keyword-research.csv","template=equipment_item; lastmod=2025-09-26T08:06:45+00:00"
"/arenda_spetstekhniki/kran-manipulyator-daewoo-novus-7-tonn/","spetstekhnika","","","navigational","","existing_inventory","https://katet.tech/arenda_spetstekhniki/kran-manipulyator-daewoo-novus-7-tonn/","not_crawled","see keyword-research.csv","template=equipment_item; lastmod=2026-01-12T09:16:08+00:00"
"/arenda_spetstekhniki/kran-manipulyator-daewoo-novus-8-tonn/","spetstekhnika","","","navigational","","existing_inventory","https://katet.tech/arenda_spetstekhniki/kran-manipulyator-daewoo-novus-8-tonn/","not_crawled","see keyword-research.csv","template=equipment_item; lastmod=2026-01-12T09:16:28+00:00"
"/arenda_spetstekhniki/kran-manipulyator-isuzu-np-3-tonny/","spetstekhnika","","","navigational","","existing_inventory","https://katet.tech/arenda_spetstekhniki/kran-manipulyator-isuzu-np-3-tonny/","not_crawled","see keyword-research.csv","template=equipment_item; lastmod=2026-01-12T09:15:07+00:00"
"/arenda_spetstekhniki/kran-manipulyator-kamaz-43118-vezdehod-7-tonn-gidravlicheskij/","spetstekhnika","","","navigational","","existing_inventory","https://katet.tech/arenda_spetstekhniki/kran-manipulyator-kamaz-43118-vezdehod-7-tonn-gidravlicheskij/","not_crawled","see keyword-research.csv","template=equipment_item; lastmod=2026-01-12T09:17:45+00:00"
"/arenda_spetstekhniki/kran-manipulyator-kamaz-43118-vezdehod-7-tonn-trosovyj/","spetstekhnika","","","navigational","","existing_inventory","https://katet.tech/arenda_spetstekhniki/kran-manipulyator-kamaz-43118-vezdehod-7-tonn-trosovyj/","not_crawled","see keyword-research.csv","template=equipment_item; lastmod=2026-01-12T09:17:27+00:00"
"/arenda_spetstekhniki/kran-manipulyator-kamaz-65115-7-tonn/","spetstekhnika","","","navigational","","existing_inventory","https://katet.tech/arenda_spetstekhniki/kran-manipulyator-kamaz-65115-7-tonn/","not_crawled","see keyword-research.csv","template=equipment_item; lastmod=2026-01-19T08:07:37+00:00"
"/arenda_spetstekhniki/kran-manipulyator-kamaz-65117-7-tonn/","spetstekhnika","","","navigational","","existing_inventory","https://katet.tech/arenda_spetstekhniki/kran-manipulyator-kamaz-65117-7-tonn/","not_crawled","see keyword-research.csv","template=equipment_item; lastmod=2026-01-19T08:08:02+00:00"
"/arenda_spetstekhniki/kran-manipulyator-kamaz-65206-dlinnomer-7-tonn/","spetstekhnika","","","navigational","","existing_inventory","https://katet.tech/arenda_spetstekhniki/kran-manipulyator-kamaz-65206-dlinnomer-7-tonn/","not_crawled","see keyword-research.csv","template=equipment_item; lastmod=2026-01-19T08:08:27+00:00"
"/arenda_spetstekhniki/kran-manipulyator-scania-15-tonn/","spetstekhnika","","","navigational","","existing_inventory","https://katet.tech/arenda_spetstekhniki/kran-manipulyator-scania-15-tonn/","not_crawled","see keyword-research.csv","template=equipment_item; lastmod=2026-01-12T09:17:09+00:00"
"/arenda_spetstekhniki/kran-manipulyator-scania-9-tonn/","spetstekhnika","","","navigational","","existing_inventory","https://katet.tech/arenda_spetstekhniki/kran-manipulyator-scania-9-tonn/","not_crawled","see keyword-research.csv","template=equipment_item; lastmod=2026-01-12T09:16:52+00:00"
"/arenda_spetstekhniki/mini-ekskavator-hitachi-zx26u-5a/","spetstekhnika","","","navigational","","existing_inventory","https://katet.tech/arenda_spetstekhniki/mini-ekskavator-hitachi-zx26u-5a/","not_crawled","see keyword-research.csv","template=equipment_item; lastmod=2025-04-21T17:33:44+00:00"
"/arenda_spetstekhniki/mini-ekskavator-hitachi-zx50/","spetstekhnika","","","navigational","","existing_inventory","https://katet.tech/arenda_spetstekhniki/mini-ekskavator-hitachi-zx50/","not_crawled","see keyword-research.csv","template=equipment_item; lastmod=2025-04-21T17:33:52+00:00"
"/arenda_spetstekhniki/mini-ekskavator-hitachi-zx65usb-5a/","spetstekhnika","","","navigational","","existing_inventory","https://katet.tech/arenda_spetstekhniki/mini-ekskavator-hitachi-zx65usb-5a/","not_crawled","see keyword-research.csv","template=equipment_item; lastmod=2025-04-21T17:34:00+00:00"
"/arenda_spetstekhniki/mini-ekskavator-jcb-8035-zts/","spetstekhnika","","","navigational","","existing_inventory","https://katet.tech/arenda_spetstekhniki/mini-ekskavator-jcb-8035-zts/","not_crawled","see keyword-research.csv","template=equipment_item; lastmod=2025-04-21T17:33:48+00:00"
"/arenda_spetstekhniki/mini-ekskavator-volvo-ec55b-pro/","spetstekhnika","","","navigational","","existing_inventory","https://katet.tech/arenda_spetstekhniki/mini-ekskavator-volvo-ec55b-pro/","not_crawled","see keyword-research.csv","template=equipment_item; lastmod=2025-11-20T07:23:49+00:00"
"/arenda_spetstekhniki/mini-pogruzchik-bobcat-s130/","spetstekhnika","","","navigational","","existing_inventory","https://katet.tech/arenda_spetstekhniki/mini-pogruzchik-bobcat-s130/","not_crawled","see keyword-research.csv","template=equipment_item; lastmod=2025-10-17T08:32:58+00:00"
"/arenda_spetstekhniki/mini-pogruzchik-bobcat-s175-s530/","spetstekhnika","","","navigational","","existing_inventory","https://katet.tech/arenda_spetstekhniki/mini-pogruzchik-bobcat-s175-s530/","not_crawled","see keyword-research.csv","template=equipment_item; lastmod=2025-10-17T08:32:32+00:00"
"/arenda_spetstekhniki/mini-pogruzchik-bobcat-s770-s300/","spetstekhnika","","","navigational","","existing_inventory","https://katet.tech/arenda_spetstekhniki/mini-pogruzchik-bobcat-s770-s300/","not_crawled","see keyword-research.csv","template=equipment_item; lastmod=2025-10-17T08:33:34+00:00"
"/arenda_spetstekhniki/nozhnichnyj-podemnik-aurora-ss0407e/","spetstekhnika","","","navigational","","existing_inventory","https://katet.tech/arenda_spetstekhniki/nozhnichnyj-podemnik-aurora-ss0407e/","not_crawled","see keyword-research.csv","template=equipment_item; lastmod=2025-09-24T10:03:10+00:00"
"/arenda_spetstekhniki/nozhnichnyj-podemnik-genie-gs-2032/","spetstekhnika","","","navigational","","existing_inventory","https://katet.tech/arenda_spetstekhniki/nozhnichnyj-podemnik-genie-gs-2032/","not_crawled","see keyword-research.csv","template=equipment_item; lastmod=2025-04-30T07:24:02+00:00"
"/arenda_spetstekhniki/nozhnichnyj-podemnik-haulotte-compact-10dx/","spetstekhnika","","","navigational","","existing_inventory","https://katet.tech/arenda_spetstekhniki/nozhnichnyj-podemnik-haulotte-compact-10dx/","not_crawled","see keyword-research.csv","template=equipment_item; lastmod=2025-04-30T07:24:02+00:00"
"/arenda_spetstekhniki/nozhnichnyj-podemnik-haulotte-compact-12dx/","spetstekhnika","","","navigational","","existing_inventory","https://katet.tech/arenda_spetstekhniki/nozhnichnyj-podemnik-haulotte-compact-12dx/","not_crawled","see keyword-research.csv","template=equipment_item; lastmod=2025-04-30T07:24:02+00:00"
"/arenda_spetstekhniki/nozhnichnyj-podemnik-haulotte-compact-h15sx/","spetstekhnika","","","navigational","","existing_inventory","https://katet.tech/arenda_spetstekhniki/nozhnichnyj-podemnik-haulotte-compact-h15sx/","not_crawled","see keyword-research.csv","template=equipment_item; lastmod=2025-04-30T07:24:02+00:00"
"/arenda_spetstekhniki/nozhnichnyj-podemnik-haulotte-compact-h18sx/","spetstekhnika","","","navigational","","existing_inventory","https://katet.tech/arenda_spetstekhniki/nozhnichnyj-podemnik-haulotte-compact-h18sx/","not_crawled","see keyword-research.csv","template=equipment_item; lastmod=2025-04-30T07:24:02+00:00"
"/arenda_spetstekhniki/pnevmokolesnyj-katok-hamm-hp-180-9-tonn/","spetstekhnika","","","navigational","","existing_inventory","https://katet.tech/arenda_spetstekhniki/pnevmokolesnyj-katok-hamm-hp-180-9-tonn/","not_crawled","see keyword-research.csv","template=equipment_item; lastmod=2025-10-28T16:00:15+00:00"
"/arenda_spetstekhniki/polivomoechnaya-mashina-kamaz/","spetstekhnika","","","navigational","","existing_inventory","https://katet.tech/arenda_spetstekhniki/polivomoechnaya-mashina-kamaz/","not_crawled","see keyword-research.csv","template=equipment_item; lastmod=2025-04-21T17:34:09+00:00"
"/arenda_spetstekhniki/polivomoechnaya-mashina-maz/","spetstekhnika","","","navigational","","existing_inventory","https://katet.tech/arenda_spetstekhniki/polivomoechnaya-mashina-maz/","not_crawled","see keyword-research.csv","template=equipment_item; lastmod=2025-04-21T17:34:05+00:00"
"/arenda_spetstekhniki/samosval-howo-245-m-kub/","spetstekhnika","","","navigational","","existing_inventory","https://katet.tech/arenda_spetstekhniki/samosval-howo-245-m-kub/","not_crawled","see keyword-research.csv","template=equipment_item; lastmod=2025-04-21T17:18:24+00:00"
"/arenda_spetstekhniki/samosval-kamaz-65115-10-m-kub/","spetstekhnika","","","navigational","","existing_inventory","https://katet.tech/arenda_spetstekhniki/samosval-kamaz-65115-10-m-kub/","not_crawled","see keyword-research.csv","template=equipment_item; lastmod=2025-04-21T17:15:24+00:00"
"/arenda_spetstekhniki/samosval-kamaz-6520-18-m-kub/","spetstekhnika","","","navigational","","existing_inventory","https://katet.tech/arenda_spetstekhniki/samosval-kamaz-6520-18-m-kub/","not_crawled","see keyword-research.csv","template=equipment_item; lastmod=2025-04-21T17:15:46+00:00"
"/arenda_spetstekhniki/samosval-kamaz-65801-20-m-kub/","spetstekhnika","","","navigational","","existing_inventory","https://katet.tech/arenda_spetstekhniki/samosval-kamaz-65801-20-m-kub/","not_crawled","see keyword-research.csv","template=equipment_item; lastmod=2025-04-21T17:16:47+00:00"
"/arenda_spetstekhniki/samosval-man-tgs-41-20-m-kub/","spetstekhnika","","","navigational","","existing_inventory","https://katet.tech/arenda_spetstekhniki/samosval-man-tgs-41-20-m-kub/","not_crawled","see keyword-research.csv","template=equipment_item; lastmod=2025-04-21T17:17:15+00:00"
"/arenda_spetstekhniki/samosval-scania-p380-16-m-kub/","spetstekhnika","","","navigational","","existing_inventory","https://katet.tech/arenda_spetstekhniki/samosval-scania-p380-16-m-kub/","not_crawled","see keyword-research.csv","template=equipment_item; lastmod=2025-04-21T16:14:21+00:00"
"/arenda_spetstekhniki/samosval-vezdekhod-kamaz-45142-11-m3/","spetstekhnika","","","navigational","","existing_inventory","https://katet.tech/arenda_spetstekhniki/samosval-vezdekhod-kamaz-45142-11-m3/","not_crawled","see keyword-research.csv","template=equipment_item; lastmod=2025-12-16T07:21:01+00:00"
"/arenda_spetstekhniki/samosval-vezdekhod-ural-6370k-0121-16-m3/","spetstekhnika","","","navigational","","existing_inventory","https://katet.tech/arenda_spetstekhniki/samosval-vezdekhod-ural-6370k-0121-16-m3/","not_crawled","see keyword-research.csv","template=equipment_item; lastmod=2025-12-24T12:14:27+00:00"
"/arenda_spetstekhniki/teleskopicheskij-podemnik-haulotte-h16tpx/","spetstekhnika","","","navigational","","existing_inventory","https://katet.tech/arenda_spetstekhniki/teleskopicheskij-podemnik-haulotte-h16tpx/","not_crawled","see keyword-research.csv","template=equipment_item; lastmod=2025-04-30T07:24:19+00:00"
"/arenda_spetstekhniki/teleskopicheskij-podemnik-haulotte-ht-23-rtj/","spetstekhnika","","","navigational","","existing_inventory","https://katet.tech/arenda_spetstekhniki/teleskopicheskij-podemnik-haulotte-ht-23-rtj/","not_crawled","see keyword-research.csv","template=equipment_item; lastmod=2025-04-30T07:24:19+00:00"
"/arenda_spetstekhniki/teleskopicheskij-podemnik-haulotte-ht43-rtj/","spetstekhnika","","","navigational","","existing_inventory","https://katet.tech/arenda_spetstekhniki/teleskopicheskij-podemnik-haulotte-ht43-rtj/","not_crawled","see keyword-research.csv","template=equipment_item; lastmod=2025-04-30T07:24:19+00:00"
"/arenda_spetstekhniki/tral-25-tonn/","spetstekhnika","","","navigational","","existing_inventory","https://katet.tech/arenda_spetstekhniki/tral-25-tonn/","not_crawled","see keyword-research.csv","template=equipment_item; lastmod=2025-05-30T07:17:11+00:00"
"/arenda_spetstekhniki/tral-45-tonn/","spetstekhnika","","","navigational","","existing_inventory","https://katet.tech/arenda_spetstekhniki/tral-45-tonn/","not_crawled","see keyword-research.csv","template=equipment_item; lastmod=2025-05-30T07:17:32+00:00"
"/arenda_spetstekhniki/tral-60-tonn/","spetstekhnika","","","navigational","","existing_inventory","https://katet.tech/arenda_spetstekhniki/tral-60-tonn/","not_crawled","see keyword-research.csv","template=equipment_item; lastmod=2025-05-30T07:18:21+00:00"
"/arenda_spetstekhniki/tral-90-tonn/","spetstekhnika","","","navigational","","existing_inventory","https://katet.tech/arenda_spetstekhniki/tral-90-tonn/","not_crawled","see keyword-research.csv","template=equipment_item; lastmod=2025-05-30T07:16:44+00:00"
"/arenda/arenda-avtokrana/","vid-techniki","","","navigational","","existing_inventory","https://katet.tech/arenda/arenda-avtokrana/","not_crawled","see keyword-research.csv","template=equipment_type_landing; lastmod=2026-02-24T09:21:29+00:00"
"/arenda/arenda-avtokrana-100-tonn/","vid-techniki","","","navigational","","existing_inventory","https://katet.tech/arenda/arenda-avtokrana-100-tonn/","not_crawled","see keyword-research.csv","template=equipment_type_landing; lastmod=2025-04-21T17:08:45+00:00"
"/arenda/arenda-avtokrana-130-tonn/","vid-techniki","","","navigational","","existing_inventory","https://katet.tech/arenda/arenda-avtokrana-130-tonn/","not_crawled","see keyword-research.csv","template=equipment_type_landing; lastmod=2025-04-21T17:09:16+00:00"
"/arenda/arenda-avtokrana-16-tonn/","vid-techniki","","","navigational","","existing_inventory","https://katet.tech/arenda/arenda-avtokrana-16-tonn/","not_crawled","see keyword-research.csv","template=equipment_type_landing; lastmod=2026-02-24T09:21:29+00:00"
"/arenda/arenda-avtokrana-200-tonn/","vid-techniki","","","navigational","","existing_inventory","https://katet.tech/arenda/arenda-avtokrana-200-tonn/","not_crawled","see keyword-research.csv","template=equipment_type_landing; lastmod=2025-04-21T17:09:34+00:00"
"/arenda/arenda-avtokrana-250-tonn/","vid-techniki","","","navigational","","existing_inventory","https://katet.tech/arenda/arenda-avtokrana-250-tonn/","not_crawled","see keyword-research.csv","template=equipment_type_landing; lastmod=2025-04-23T07:15:17+00:00"
"/arenda/arenda-avtokrana-25-tonn/","vid-techniki","","","navigational","","existing_inventory","https://katet.tech/arenda/arenda-avtokrana-25-tonn/","not_crawled","see keyword-research.csv","template=equipment_type_landing; lastmod=2026-01-22T07:22:00+00:00"
"/arenda/arenda-avtokrana-40-t/","vid-techniki","","","navigational","","existing_inventory","https://katet.tech/arenda/arenda-avtokrana-40-t/","not_crawled","see keyword-research.csv","template=equipment_type_landing; lastmod=2026-01-22T07:23:18+00:00"
"/arenda/arenda-avtokrana-50-tonn/","vid-techniki","","","navigational","","existing_inventory","https://katet.tech/arenda/arenda-avtokrana-50-tonn/","not_crawled","see keyword-research.csv","template=equipment_type_landing; lastmod=2026-01-22T07:23:48+00:00"
"/arenda/arenda-avtokrana-60-tonn/","vid-techniki","","","navigational","","existing_inventory","https://katet.tech/arenda/arenda-avtokrana-60-tonn/","not_crawled","see keyword-research.csv","template=equipment_type_landing; lastmod=2025-04-21T16:48:15+00:00"
"/arenda/arenda-avtokrana-70-tonn/","vid-techniki","","","navigational","","existing_inventory","https://katet.tech/arenda/arenda-avtokrana-70-tonn/","not_crawled","see keyword-research.csv","template=equipment_type_landing; lastmod=2025-06-26T07:39:40+00:00"
"/arenda/arenda-avtokrana-90-tonn-v-moskve/","vid-techniki","","","navigational","","existing_inventory","https://katet.tech/arenda/arenda-avtokrana-90-tonn-v-moskve/","not_crawled","see keyword-research.csv","template=equipment_type_landing; lastmod=2025-06-26T07:49:10+00:00"
"/arenda/arenda-avtovyshki-12-metrov/","vid-techniki","","","navigational","","existing_inventory","https://katet.tech/arenda/arenda-avtovyshki-12-metrov/","not_crawled","see keyword-research.csv","template=equipment_type_landing; lastmod=2025-06-30T07:31:17+00:00"
"/arenda/arenda-avtovyshki-16-metrov/","vid-techniki","","","navigational","","existing_inventory","https://katet.tech/arenda/arenda-avtovyshki-16-metrov/","not_crawled","see keyword-research.csv","template=equipment_type_landing; lastmod=2025-06-30T07:50:39+00:00"
"/arenda/arenda-avtovyshki-18-metrov/","vid-techniki","","","navigational","","existing_inventory","https://katet.tech/arenda/arenda-avtovyshki-18-metrov/","not_crawled","see keyword-research.csv","template=equipment_type_landing; lastmod=2025-06-30T08:03:38+00:00"
"/arenda/arenda-avtovyshki-22-metra/","vid-techniki","","","navigational","","existing_inventory","https://katet.tech/arenda/arenda-avtovyshki-22-metra/","not_crawled","see keyword-research.csv","template=equipment_type_landing; lastmod=2025-08-14T07:39:17+00:00"
"/arenda/arenda-avtovyshki-24-metra/","vid-techniki","","","navigational","","existing_inventory","https://katet.tech/arenda/arenda-avtovyshki-24-metra/","not_crawled","see keyword-research.csv","template=equipment_type_landing; lastmod=2025-08-14T07:54:38+00:00"
"/arenda/arenda-avtovyshki-28-metrov/","vid-techniki","","","navigational","","existing_inventory","https://katet.tech/arenda/arenda-avtovyshki-28-metrov/","not_crawled","see keyword-research.csv","template=equipment_type_landing; lastmod=2025-08-15T07:47:47+00:00"
"/arenda/arenda-avtovyshki-32-metra/","vid-techniki","","","navigational","","existing_inventory","https://katet.tech/arenda/arenda-avtovyshki-32-metra/","not_crawled","see keyword-research.csv","template=equipment_type_landing; lastmod=2025-07-29T11:49:11+00:00"
"/arenda/arenda-avtovyshki-36-metrov/","vid-techniki","","","navigational","","existing_inventory","https://katet.tech/arenda/arenda-avtovyshki-36-metrov/","not_crawled","see keyword-research.csv","template=equipment_type_landing; lastmod=2025-07-17T07:16:00+00:00"
"/arenda/arenda-avtovyshki-40-metrov/","vid-techniki","","","navigational","","existing_inventory","https://katet.tech/arenda/arenda-avtovyshki-40-metrov/","not_crawled","see keyword-research.csv","template=equipment_type_landing; lastmod=2025-07-18T07:17:29+00:00"
"/arenda/arenda-avtovyshki-45-metrov/","vid-techniki","","","navigational","","existing_inventory","https://katet.tech/arenda/arenda-avtovyshki-45-metrov/","not_crawled","see keyword-research.csv","template=equipment_type_landing; lastmod=2025-07-29T11:48:56+00:00"
"/arenda/arenda-buldozera-v-moskve/","vid-techniki","","","navigational","","existing_inventory","https://katet.tech/arenda/arenda-buldozera-v-moskve/","not_crawled","see keyword-research.csv","template=equipment_type_landing; lastmod=2025-07-07T10:55:03+00:00"
"/arenda/arenda-dlinnomerov-v-moskve/","vid-techniki","","","navigational","","existing_inventory","https://katet.tech/arenda/arenda-dlinnomerov-v-moskve/","not_crawled","see keyword-research.csv","template=equipment_type_landing; lastmod=2025-05-05T14:03:51+00:00"
"/arenda/arenda-dlinnorukogo-ehkskavatora/","vid-techniki","","","navigational","","existing_inventory","https://katet.tech/arenda/arenda-dlinnorukogo-ehkskavatora/","not_crawled","see keyword-research.csv","template=equipment_type_landing; lastmod=2025-08-26T08:55:08+00:00"
"/arenda/arenda-dorozhnyh-katkov-v-moskve/","vid-techniki","","","navigational","","existing_inventory","https://katet.tech/arenda/arenda-dorozhnyh-katkov-v-moskve/","not_crawled","see keyword-research.csv","template=equipment_type_landing; lastmod=2025-10-28T16:00:15+00:00"
"/arenda/arenda-ehkskavatora-pogruzchika-s-gidromolotom/","vid-techniki","","","navigational","","existing_inventory","https://katet.tech/arenda/arenda-ehkskavatora-pogruzchika-s-gidromolotom/","not_crawled","see keyword-research.csv","template=equipment_type_landing; lastmod=2026-01-12T09:11:06+00:00"
"/arenda/arenda-ekskavatora-dlya-kopki-transhey/","vid-techniki","","","navigational","","existing_inventory","https://katet.tech/arenda/arenda-ekskavatora-dlya-kopki-transhey/","not_crawled","see keyword-research.csv","template=equipment_type_landing; lastmod=2026-01-12T09:12:57+00:00"
"/arenda/arenda-ekskavatora-na-kolesnom-hodu/","vid-techniki","","","navigational","","existing_inventory","https://katet.tech/arenda/arenda-ekskavatora-na-kolesnom-hodu/","not_crawled","see keyword-research.csv","template=equipment_type_landing; lastmod=2025-08-26T08:58:36+00:00"
"/arenda/arenda-ekskavatora-pogruzchika-v-ramenskom/","vid-techniki","","","navigational","","existing_inventory","https://katet.tech/arenda/arenda-ekskavatora-pogruzchika-v-ramenskom/","not_crawled","see keyword-research.csv","template=equipment_type_landing; lastmod=2026-01-12T09:12:57+00:00"
"/arenda/arenda-ekskavatorov-pogruzchikov-v-moskve/","vid-techniki","","","navigational","","existing_inventory","https://katet.tech/arenda/arenda-ekskavatorov-pogruzchikov-v-moskve/","not_crawled","see keyword-research.csv","template=equipment_type_landing; lastmod=2026-01-12T09:12:57+00:00"
"/arenda/arenda-ekskavatorov-v-moskve/","vid-techniki","","","navigational","","existing_inventory","https://katet.tech/arenda/arenda-ekskavatorov-v-moskve/","not_crawled","see keyword-research.csv","template=equipment_type_landing; lastmod=2025-12-10T09:04:44+00:00"
"/arenda/arenda-gruntovyh-katkov-v-moskve/","vid-techniki","","","navigational","","existing_inventory","https://katet.tech/arenda/arenda-gruntovyh-katkov-v-moskve/","not_crawled","see keyword-research.csv","template=equipment_type_landing; lastmod=2025-10-17T08:14:02+00:00"
"/arenda/arenda-ilososov-v-moskve/","vid-techniki","","","navigational","","existing_inventory","https://katet.tech/arenda/arenda-ilososov-v-moskve/","not_crawled","see keyword-research.csv","template=equipment_type_landing; lastmod=2025-04-21T17:31:50+00:00"
"/arenda/arenda-katkov-v-moskve/","vid-techniki","","","navigational","","existing_inventory","https://katet.tech/arenda/arenda-katkov-v-moskve/","not_crawled","see keyword-research.csv","template=equipment_type_landing; lastmod=2025-10-28T16:00:15+00:00"
"/arenda/arenda-kompressorov/","vid-techniki","","","navigational","","existing_inventory","https://katet.tech/arenda/arenda-kompressorov/","not_crawled","see keyword-research.csv","template=equipment_type_landing; lastmod=2025-09-26T08:07:06+00:00"
"/arenda/arenda-kulachkovogo-katka/","vid-techniki","","","navigational","","existing_inventory","https://katet.tech/arenda/arenda-kulachkovogo-katka/","not_crawled","see keyword-research.csv","template=equipment_type_landing; lastmod=2025-10-17T08:14:02+00:00"
"/arenda/arenda-manipulyatora/","vid-techniki","","","navigational","","existing_inventory","https://katet.tech/arenda/arenda-manipulyatora/","not_crawled","see keyword-research.csv","template=equipment_type_landing; lastmod=2026-01-19T08:08:27+00:00"
"/arenda/arenda-manipulyatora-15-tonn/","vid-techniki","","","navigational","","existing_inventory","https://katet.tech/arenda/arenda-manipulyatora-15-tonn/","not_crawled","see keyword-research.csv","template=equipment_type_landing; lastmod=2026-01-12T09:17:09+00:00"
"/arenda/arenda-manipulyatora-3-tonny/","vid-techniki","","","navigational","","existing_inventory","https://katet.tech/arenda/arenda-manipulyatora-3-tonny/","not_crawled","see keyword-research.csv","template=equipment_type_landing; lastmod=2026-01-12T09:15:07+00:00"
"/arenda/arenda-manipulyatora-8-tonn/","vid-techniki","","","navigational","","existing_inventory","https://katet.tech/arenda/arenda-manipulyatora-8-tonn/","not_crawled","see keyword-research.csv","template=equipment_type_landing; lastmod=2026-01-12T09:16:28+00:00"
"/arenda/arenda-manipulyatora-dlinnomera/","vid-techniki","","","navigational","","existing_inventory","https://katet.tech/arenda/arenda-manipulyatora-dlinnomera/","not_crawled","see keyword-research.csv","template=equipment_type_landing; lastmod=2026-01-19T08:08:27+00:00"
"/arenda/arenda-manipulyatora-vezdehoda-v-moskve/","vid-techniki","","","navigational","","existing_inventory","https://katet.tech/arenda/arenda-manipulyatora-vezdehoda-v-moskve/","not_crawled","see keyword-research.csv","template=equipment_type_landing; lastmod=2026-01-12T09:17:45+00:00"
"/arenda/arenda-mini-ekskavatorov-v-moskve/","vid-techniki","","","navigational","","existing_inventory","https://katet.tech/arenda/arenda-mini-ekskavatorov-v-moskve/","not_crawled","see keyword-research.csv","template=equipment_type_landing; lastmod=2025-11-20T07:23:49+00:00"
"/arenda/arenda-mini-pogruzchikov-v-moskve/","vid-techniki","","","navigational","","existing_inventory","https://katet.tech/arenda/arenda-mini-pogruzchikov-v-moskve/","not_crawled","see keyword-research.csv","template=equipment_type_landing; lastmod=2025-10-17T09:02:51+00:00"
"/arenda/arenda-pnevmokolesnogo-katka/","vid-techniki","","","navigational","","existing_inventory","https://katet.tech/arenda/arenda-pnevmokolesnogo-katka/","not_crawled","see keyword-research.csv","template=equipment_type_landing; lastmod=2025-10-28T16:00:15+00:00"
"/arenda/arenda-samosvalov-v-moskve/","vid-techniki","","","navigational","","existing_inventory","https://katet.tech/arenda/arenda-samosvalov-v-moskve/","not_crawled","see keyword-research.csv","template=equipment_type_landing; lastmod=2025-12-24T12:14:27+00:00"
"/arenda/arenda-stroitelnoj-tekhniki/","vid-techniki","","","navigational","","existing_inventory","https://katet.tech/arenda/arenda-stroitelnoj-tekhniki/","not_crawled","see keyword-research.csv","template=equipment_type_landing; lastmod=2026-01-22T07:22:45+00:00"
"/arenda/arenda-tralov-v-moskve/","vid-techniki","","","navigational","","existing_inventory","https://katet.tech/arenda/arenda-tralov-v-moskve/","not_crawled","see keyword-research.csv","template=equipment_type_landing; lastmod=2025-05-30T07:18:21+00:00"
"/arenda/arenda-vezdehoda-samosvala-ural/","vid-techniki","","","navigational","","existing_inventory","https://katet.tech/arenda/arenda-vezdehoda-samosvala-ural/","not_crawled","see keyword-research.csv","template=equipment_type_landing; lastmod=2025-12-24T12:14:27+00:00"
"/arenda/avtovyshka-60-metrov-v-arendu/","vid-techniki","","","navigational","","existing_inventory","https://katet.tech/arenda/avtovyshka-60-metrov-v-arendu/","not_crawled","see keyword-research.csv","template=equipment_type_landing; lastmod=2025-07-29T11:21:45+00:00"
"/arenda/avtovyshka-vezdekhod-v-arendu/","vid-techniki","","","navigational","","existing_inventory","https://katet.tech/arenda/avtovyshka-vezdekhod-v-arendu/","not_crawled","see keyword-research.csv","template=equipment_type_landing; lastmod=2025-07-29T11:49:11+00:00"
"/arenda/kamaz-s-manipulyatorom-v-arendu/","vid-techniki","","","navigational","","existing_inventory","https://katet.tech/arenda/kamaz-s-manipulyatorom-v-arendu/","not_crawled","see keyword-research.csv","template=equipment_type_landing; lastmod=2026-01-19T08:08:27+00:00"
"/arenda/kolenchatye-podemniki-v-moskve/","vid-techniki","","","navigational","","existing_inventory","https://katet.tech/arenda/kolenchatye-podemniki-v-moskve/","not_crawled","see keyword-research.csv","template=equipment_type_landing; lastmod=2025-04-30T07:23:42+00:00"
"/arenda/polivomoechnye-mashiny/","vid-techniki","","","navigational","","existing_inventory","https://katet.tech/arenda/polivomoechnye-mashiny/","not_crawled","see keyword-research.csv","template=equipment_type_landing; lastmod=2025-04-21T17:34:09+00:00"
"/arenda/samosval-vezdehod-v-arendu/","vid-techniki","","","navigational","","existing_inventory","https://katet.tech/arenda/samosval-vezdehod-v-arendu/","not_crawled","see keyword-research.csv","template=equipment_type_landing; lastmod=2025-12-24T12:14:27+00:00"
"/arenda/teleskopicheskie-podemniki-v-moskve/","vid-techniki","","","navigational","","existing_inventory","https://katet.tech/arenda/teleskopicheskie-podemniki-v-moskve/","not_crawled","see keyword-research.csv","template=equipment_type_landing; lastmod=2025-04-30T07:24:19+00:00"
"/arenda/uslugi-avtokrana-32-tonny/","vid-techniki","","","navigational","","existing_inventory","https://katet.tech/arenda/uslugi-avtokrana-32-tonny/","not_crawled","see keyword-research.csv","template=equipment_type_landing; lastmod=2026-01-22T07:22:45+00:00"
"/arenda/uslugi-kamaza-avtokrana/","vid-techniki","","","navigational","","existing_inventory","https://katet.tech/arenda/uslugi-kamaza-avtokrana/","not_crawled","see keyword-research.csv","template=equipment_type_landing; lastmod=2026-02-24T09:21:29+00:00"
"/","page","","","navigational","","existing_inventory","https://katet.tech/","not_crawled","see keyword-research.csv","template=home; lastmod=2026-04-27T12:43:49+00:00"
"/zapros/da/","zapros","","","navigational","","existing_inventory","https://katet.tech/zapros/da/","not_crawled","see keyword-research.csv","template=request_flow; lastmod=2026-01-12T09:12:57+00:00"
"/zapros/net/","zapros","","","navigational","","existing_inventory","https://katet.tech/zapros/net/","not_crawled","see keyword-research.csv","template=request_flow; lastmod=2026-01-22T07:23:48+00:00"
"/reviews/%d0%b5%d0%b2%d0%b3%d0%b5%d0%bd%d0%b8%d0%b9-%d0%b3/","reviews","","","navigational","","existing_inventory","https://katet.tech/reviews/%d0%b5%d0%b2%d0%b3%d0%b5%d0%bd%d0%b8%d0%b9-%d0%b3/","not_crawled","see keyword-research.csv","template=review_item; lastmod=2025-10-01T08:18:14+00:00"
"/reviews/%d0%b5%d0%b2%d0%b3%d0%b5%d0%bd%d0%b8%d0%b9-%d0%bb%d0%b5%d0%b2%d0%b5%d0%bd%d0%b1%d0%b5%d1%80%d0%b3/","reviews","","","navigational","","existing_inventory","https://katet.tech/reviews/%d0%b5%d0%b2%d0%b3%d0%b5%d0%bd%d0%b8%d0%b9-%d0%bb%d0%b5%d0%b2%d0%b5%d0%bd%d0%b1%d0%b5%d1%80%d0%b3/","not_crawled","see keyword-research.csv","template=review_item; lastmod=2025-12-03T08:08:03+00:00"
"/reviews/%d0%ba%d0%b8%d1%80%d0%b8%d0%bb%d0%bb-%d1%82%d0%b8%d1%82%d0%be%d0%b2/","reviews","","","navigational","","existing_inventory","https://katet.tech/reviews/%d0%ba%d0%b8%d1%80%d0%b8%d0%bb%d0%bb-%d1%82%d0%b8%d1%82%d0%be%d0%b2/","not_crawled","see keyword-research.csv","template=review_item; lastmod=2025-04-04T16:21:39+00:00"
"/reviews/%d1%8e%d1%80%d0%b8%d0%b9-%d0%b3/","reviews","","","navigational","","existing_inventory","https://katet.tech/reviews/%d1%8e%d1%80%d0%b8%d0%b9-%d0%b3/","not_crawled","see keyword-research.csv","template=review_item; lastmod=2025-10-01T08:17:04+00:00"
"/reviews/aleksey-goncharov/","reviews","","","navigational","","existing_inventory","https://katet.tech/reviews/aleksey-goncharov/","not_crawled","see keyword-research.csv","template=review_item; lastmod=2025-04-04T15:44:11+00:00"
"/reviews/aleksey-n/","reviews","","","navigational","","existing_inventory","https://katet.tech/reviews/aleksey-n/","not_crawled","see keyword-research.csv","template=review_item; lastmod=2025-04-04T16:13:45+00:00"
"/reviews/andrey-u/","reviews","","","navigational","","existing_inventory","https://katet.tech/reviews/andrey-u/","not_crawled","see keyword-research.csv","template=review_item; lastmod=2025-04-04T16:01:13+00:00"
"/reviews/anton-usov/","reviews","","","navigational","","existing_inventory","https://katet.tech/reviews/anton-usov/","not_crawled","see keyword-research.csv","template=review_item; lastmod=2025-04-04T16:24:41+00:00"
"/reviews/denis-tolsoborov/","reviews","","","navigational","","existing_inventory","https://katet.tech/reviews/denis-tolsoborov/","not_crawled","see keyword-research.csv","template=review_item; lastmod=2025-04-04T15:41:47+00:00"
"/reviews/dmitriy-d/","reviews","","","navigational","","existing_inventory","https://katet.tech/reviews/dmitriy-d/","not_crawled","see keyword-research.csv","template=review_item; lastmod=2025-04-04T15:54:10+00:00"
"/reviews/evgeniy/","reviews","","","navigational","","existing_inventory","https://katet.tech/reviews/evgeniy/","not_crawled","see keyword-research.csv","template=review_item; lastmod=2025-04-04T16:08:36+00:00"
"/reviews/filipp-biryukov/","reviews","","","navigational","","existing_inventory","https://katet.tech/reviews/filipp-biryukov/","not_crawled","see keyword-research.csv","template=review_item; lastmod=2025-04-04T14:47:11+00:00"
"/reviews/grizzly-decor/","reviews","","","navigational","","existing_inventory","https://katet.tech/reviews/grizzly-decor/","not_crawled","see keyword-research.csv","template=review_item; lastmod=2025-04-04T15:43:04+00:00"
"/reviews/ilya-i/","reviews","","","navigational","","existing_inventory","https://katet.tech/reviews/ilya-i/","not_crawled","see keyword-research.csv","template=review_item; lastmod=2025-04-04T16:05:03+00:00"
"/reviews/matveyryaba/","reviews","","","navigational","","existing_inventory","https://katet.tech/reviews/matveyryaba/","not_crawled","see keyword-research.csv","template=review_item; lastmod=2025-04-04T15:46:52+00:00"
"/reviews/mihail-p/","reviews","","","navigational","","existing_inventory","https://katet.tech/reviews/mihail-p/","not_crawled","see keyword-research.csv","template=review_item; lastmod=2025-04-04T16:10:46+00:00"
"/reviews/nikitaevergreenlandscape/","reviews","","","navigational","","existing_inventory","https://katet.tech/reviews/nikitaevergreenlandscape/","not_crawled","see keyword-research.csv","template=review_item; lastmod=2025-10-01T08:19:13+00:00"
"/reviews/nikolay-orlov/","reviews","","","navigational","","existing_inventory","https://katet.tech/reviews/nikolay-orlov/","not_crawled","see keyword-research.csv","template=review_item; lastmod=2025-04-04T16:17:31+00:00"
"/reviews/pavel-pe/","reviews","","","navigational","","existing_inventory","https://katet.tech/reviews/pavel-pe/","not_crawled","see keyword-research.csv","template=review_item; lastmod=2025-04-04T16:23:58+00:00"
"/reviews/ruslan-a/","reviews","","","navigational","","existing_inventory","https://katet.tech/reviews/ruslan-a/","not_crawled","see keyword-research.csv","template=review_item; lastmod=2025-04-04T15:50:20+00:00"
"/reviews/sergei-sirotenko/","reviews","","","navigational","","existing_inventory","https://katet.tech/reviews/sergei-sirotenko/","not_crawled","see keyword-research.csv","template=review_item; lastmod=2025-04-04T14:14:18+00:00"
"/reviews/sergey-g/","reviews","","","navigational","","existing_inventory","https://katet.tech/reviews/sergey-g/","not_crawled","see keyword-research.csv","template=review_item; lastmod=2025-04-04T14:51:02+00:00"
"/reviews/vadim-rzhavin/","reviews","","","navigational","","existing_inventory","https://katet.tech/reviews/vadim-rzhavin/","not_crawled","see keyword-research.csv","template=review_item; lastmod=2025-04-04T15:49:00+00:00"
"/reviews/viktor-moriarti/","reviews","","","navigational","","existing_inventory","https://katet.tech/reviews/viktor-moriarti/","not_crawled","see keyword-research.csv","template=review_item; lastmod=2025-04-04T15:44:59+00:00"
"/reviews/vladislav-s/","reviews","","","navigational","","existing_inventory","https://katet.tech/reviews/vladislav-s/","not_crawled","see keyword-research.csv","template=review_item; lastmod=2025-04-04T15:44:33+00:00"
"/reviews/yuliya-serova/","reviews","","","navigational","","existing_inventory","https://katet.tech/reviews/yuliya-serova/","not_crawled","see keyword-research.csv","template=review_item; lastmod=2025-04-04T15:42:36+00:00"
"/reviews/zemfira-garaeva/","reviews","","","navigational","","existing_inventory","https://katet.tech/reviews/zemfira-garaeva/","not_crawled","see keyword-research.csv","template=review_item; lastmod=2025-04-04T15:39:17+00:00"
"/%d0%bf%d0%be%d0%bb%d0%b8%d1%82%d0%b8%d0%ba%d0%b0-%d0%ba%d0%be%d0%bd%d1%84%d0%b8%d0%b4%d0%b5%d0%bd%d1%86%d0%b8%d0%b0%d0%bb%d1%8c%d0%bd%d0%be%d1%81%d1%82%d0%b8/","page","","","navigational","","existing_inventory","https://katet.tech/%d0%bf%d0%be%d0%bb%d0%b8%d1%82%d0%b8%d0%ba%d0%b0-%d0%ba%d0%be%d0%bd%d1%84%d0%b8%d0%b4%d0%b5%d0%bd%d1%86%d0%b8%d0%b0%d0%bb%d1%8c%d0%bd%d0%be%d1%81%d1%82%d0%b8/","not_crawled","see keyword-research.csv","template=static_page; lastmod=2025-09-01T14:22:45+00:00"
"/arenda-specztehniki-s-ekipzhem/","page","","","navigational","","existing_inventory","https://katet.tech/arenda-specztehniki-s-ekipzhem/","not_crawled","see keyword-research.csv","template=static_page; lastmod=2025-04-25T08:51:42+00:00"
"/arenda-specztehniki-v-balashihe/","page","","","navigational","","existing_inventory","https://katet.tech/arenda-specztehniki-v-balashihe/","not_crawled","see keyword-research.csv","template=static_page; lastmod=2025-02-25T09:08:31+00:00"
"/arenda-specztehniki-v-domodedovo/","page","","","navigational","","existing_inventory","https://katet.tech/arenda-specztehniki-v-domodedovo/","not_crawled","see keyword-research.csv","template=static_page; lastmod=2025-02-25T09:21:50+00:00"
"/arenda-specztehniki-v-elektrostali/","page","","","navigational","","existing_inventory","https://katet.tech/arenda-specztehniki-v-elektrostali/","not_crawled","see keyword-research.csv","template=static_page; lastmod=2025-03-20T07:16:40+00:00"
"/arenda-specztehniki-v-korolyove/","page","","","navigational","","existing_inventory","https://katet.tech/arenda-specztehniki-v-korolyove/","not_crawled","see keyword-research.csv","template=static_page; lastmod=2025-03-12T10:35:22+00:00"
"/arenda-specztehniki-v-krasnogorske/","page","","","navigational","","existing_inventory","https://katet.tech/arenda-specztehniki-v-krasnogorske/","not_crawled","see keyword-research.csv","template=static_page; lastmod=2025-03-05T08:15:33+00:00"
"/arenda-specztehniki-v-lyuberczah/","page","","","navigational","","existing_inventory","https://katet.tech/arenda-specztehniki-v-lyuberczah/","not_crawled","see keyword-research.csv","template=static_page; lastmod=2025-03-05T07:58:58+00:00"
"/arenda-specztehniki-v-mytishhah/","page","","","navigational","","existing_inventory","https://katet.tech/arenda-specztehniki-v-mytishhah/","not_crawled","see keyword-research.csv","template=static_page; lastmod=2025-03-05T08:49:48+00:00"
"/arenda-specztehniki-v-odinczovo/","page","","","navigational","","existing_inventory","https://katet.tech/arenda-specztehniki-v-odinczovo/","not_crawled","see keyword-research.csv","template=static_page; lastmod=2025-03-05T07:33:10+00:00"
"/arenda-specztehniki-v-podolske/","page","","","navigational","","existing_inventory","https://katet.tech/arenda-specztehniki-v-podolske/","not_crawled","see keyword-research.csv","template=static_page; lastmod=2025-03-12T09:37:06+00:00"
"/arenda-specztehniki-v-shhyolkovo/","page","","","navigational","","existing_inventory","https://katet.tech/arenda-specztehniki-v-shhyolkovo/","not_crawled","see keyword-research.csv","template=static_page; lastmod=2025-03-14T07:23:04+00:00"
"/contacty/","page","","","navigational","","existing_inventory","https://katet.tech/contacty/","not_crawled","see keyword-research.csv","template=static_page; lastmod=2025-03-26T12:14:37+00:00"
"/dogovor-arendy-specztehniki/","page","","","navigational","","existing_inventory","https://katet.tech/dogovor-arendy-specztehniki/","not_crawled","see keyword-research.csv","template=static_page; lastmod=2025-03-20T13:33:10+00:00"
"/dostabka-i-oplata/","page","","","navigational","","existing_inventory","https://katet.tech/dostabka-i-oplata/","not_crawled","see keyword-research.csv","template=static_page; lastmod=2025-06-10T13:54:03+00:00"
"/faq/","page","","","navigational","","existing_inventory","https://katet.tech/faq/","not_crawled","see keyword-research.csv","template=static_page; lastmod=2025-10-13T10:23:39+00:00"
"/o-nas/","page","","","navigational","","existing_inventory","https://katet.tech/o-nas/","not_crawled","see keyword-research.csv","template=static_page; lastmod=2025-04-29T15:55:40+00:00"
"/otzivy-katet/","page","","","navigational","","existing_inventory","https://katet.tech/otzivy-katet/","not_crawled","see keyword-research.csv","template=static_page; lastmod=2025-10-13T10:21:23+00:00"
"/policy/","page","","","navigational","","existing_inventory","https://katet.tech/policy/","not_crawled","see keyword-research.csv","template=static_page; lastmod=2024-05-15T09:48:52+00:00"
"/thankyou/","page","","","navigational","","existing_inventory","https://katet.tech/thankyou/","not_crawled","see keyword-research.csv","template=static_page; lastmod=2023-08-31T10:27:23+00:00"
"/tver/","page","","","navigational","","existing_inventory","https://katet.tech/tver/","not_crawled","see keyword-research.csv","template=static_page; lastmod=2024-12-03T14:34:54+00:00"
"/tipy-rabot/demontazh-betonnogo-zabora/","tipy-rabot","","","navigational","","existing_inventory","https://katet.tech/tipy-rabot/demontazh-betonnogo-zabora/","not_crawled","see keyword-research.csv","template=work_type_landing; lastmod=2026-01-19T08:08:27+00:00"
"/tipy-rabot/gruzoperevozki-po-rossii/","tipy-rabot","","","navigational","","existing_inventory","https://katet.tech/tipy-rabot/gruzoperevozki-po-rossii/","not_crawled","see keyword-research.csv","template=work_type_landing; lastmod=2025-05-30T07:18:21+00:00"
"/tipy-rabot/gruzovoj-trall-dlya-perevozki-traktora/","tipy-rabot","","","navigational","","existing_inventory","https://katet.tech/tipy-rabot/gruzovoj-trall-dlya-perevozki-traktora/","not_crawled","see keyword-research.csv","template=work_type_landing; lastmod=2025-05-30T07:18:21+00:00"
"/tipy-rabot/montazh-betonnykh-zaborov/","tipy-rabot","","","navigational","","existing_inventory","https://katet.tech/tipy-rabot/montazh-betonnykh-zaborov/","not_crawled","see keyword-research.csv","template=work_type_landing; lastmod=2026-01-19T08:08:27+00:00"
"/tipy-rabot/negabaritnye-perevozki-tralom/","tipy-rabot","","","navigational","","existing_inventory","https://katet.tech/tipy-rabot/negabaritnye-perevozki-tralom/","not_crawled","see keyword-research.csv","template=work_type_landing; lastmod=2025-05-30T07:18:21+00:00"
"/tipy-rabot/perevozka-buldozera/","tipy-rabot","","","navigational","","existing_inventory","https://katet.tech/tipy-rabot/perevozka-buldozera/","not_crawled","see keyword-research.csv","template=work_type_landing; lastmod=2025-05-30T07:18:21+00:00"
"/tipy-rabot/perevozka-bytovok-manipulyatorom/","tipy-rabot","","","navigational","","existing_inventory","https://katet.tech/tipy-rabot/perevozka-bytovok-manipulyatorom/","not_crawled","see keyword-research.csv","template=work_type_landing; lastmod=2026-01-19T08:08:27+00:00"
"/tipy-rabot/perevozka-ehkskavatorov/","tipy-rabot","","","navigational","","existing_inventory","https://katet.tech/tipy-rabot/perevozka-ehkskavatorov/","not_crawled","see keyword-research.csv","template=work_type_landing; lastmod=2025-05-30T07:18:21+00:00"
"/tipy-rabot/perevozka-katka/","tipy-rabot","","","navigational","","existing_inventory","https://katet.tech/tipy-rabot/perevozka-katka/","not_crawled","see keyword-research.csv","template=work_type_landing; lastmod=2025-05-30T07:18:21+00:00"
"/tipy-rabot/perevozka-nerudnyh-materialov/","tipy-rabot","","","navigational","","existing_inventory","https://katet.tech/tipy-rabot/perevozka-nerudnyh-materialov/","not_crawled","see keyword-research.csv","template=work_type_landing; lastmod=2025-04-21T17:18:24+00:00"
"/tipy-rabot/perevozka-pogruzchika/","tipy-rabot","","","navigational","","existing_inventory","https://katet.tech/tipy-rabot/perevozka-pogruzchika/","not_crawled","see keyword-research.csv","template=work_type_landing; lastmod=2025-05-30T07:18:21+00:00"
"/tipy-rabot/perevozka-spectehniki/","tipy-rabot","","","navigational","","existing_inventory","https://katet.tech/tipy-rabot/perevozka-spectehniki/","not_crawled","see keyword-research.csv","template=work_type_landing; lastmod=2025-05-30T07:18:21+00:00"
"/tipy-rabot/perevozka-stankov/","tipy-rabot","","","navigational","","existing_inventory","https://katet.tech/tipy-rabot/perevozka-stankov/","not_crawled","see keyword-research.csv","template=work_type_landing; lastmod=2026-01-19T08:08:27+00:00"
"/tipy-rabot/razrabotka-grunta/","tipy-rabot","","","navigational","","existing_inventory","https://katet.tech/tipy-rabot/razrabotka-grunta/","not_crawled","see keyword-research.csv","template=work_type_landing; lastmod=2025-12-10T09:04:44+00:00"
"/tipy-rabot/razrabotka-karera/","tipy-rabot","","","navigational","","existing_inventory","https://katet.tech/tipy-rabot/razrabotka-karera/","not_crawled","see keyword-research.csv","template=work_type_landing; lastmod=2026-01-12T09:12:57+00:00"
"/tipy-rabot/razrabotka-kotlovana/","tipy-rabot","","","navigational","","existing_inventory","https://katet.tech/tipy-rabot/razrabotka-kotlovana/","not_crawled","see keyword-research.csv","template=work_type_landing; lastmod=2026-01-12T09:12:57+00:00"
"/tipy-rabot/razrabotka-transhej/","tipy-rabot","","","navigational","","existing_inventory","https://katet.tech/tipy-rabot/razrabotka-transhej/","not_crawled","see keyword-research.csv","template=work_type_landing; lastmod=2026-01-12T09:12:57+00:00"
"/tipy-rabot/vyravnivanie-uchastka/","tipy-rabot","","","navigational","","existing_inventory","https://katet.tech/tipy-rabot/vyravnivanie-uchastka/","not_crawled","see keyword-research.csv","template=work_type_landing; lastmod=2026-01-12T09:12:57+00:00"
"/tipy-rabot/vyvoz-grunta/","tipy-rabot","","","navigational","","existing_inventory","https://katet.tech/tipy-rabot/vyvoz-grunta/","not_crawled","see keyword-research.csv","template=work_type_landing; lastmod=2025-04-21T17:18:24+00:00"
"/tipy-rabot/vyvoz-snega/","tipy-rabot","","","navigational","","existing_inventory","https://katet.tech/tipy-rabot/vyvoz-snega/","not_crawled","see keyword-research.csv","template=work_type_landing; lastmod=2026-01-12T09:12:57+00:00"
"/tipy-rabot/vyvoz-stroitelnogo-musora/","tipy-rabot","","","navigational","","existing_inventory","https://katet.tech/tipy-rabot/vyvoz-stroitelnogo-musora/","not_crawled","see keyword-research.csv","template=work_type_landing; lastmod=2025-04-21T17:18:24+00:00"
"/tipy-rabot/zemlyanye-raboty/","tipy-rabot","","","navigational","","existing_inventory","https://katet.tech/tipy-rabot/zemlyanye-raboty/","not_crawled","see keyword-research.csv","template=work_type_landing; lastmod=2026-01-12T09:12:57+00:00"
"/uplotnenie-grunta/","service_landing","Уплотнение грунта","Уплотнение грунта","commercial","уплотнение грунта","new_batch_2026-08-11","https://katet.tech/uplotnenie-grunta/","directory + header + footer + related","checked_no_duplicate","implemented in seoBatch20260811.ts"
"/korchevanie-pnej/","service_landing","Корчевание пней","Корчевание пней","commercial","корчевание пней","new_batch_2026-08-11","https://katet.tech/korchevanie-pnej/","directory + header + footer + related","checked_no_duplicate","implemented in seoBatch20260811.ts"
"/obratnaya-zasypka-grunta/","service_landing","Обратная засыпка грунта","Обратная засыпка грунта","commercial","обратная засыпка грунта","new_batch_2026-08-11","https://katet.tech/obratnaya-zasypka-grunta/","directory + header + footer + related","checked_no_duplicate","implemented in seoBatch20260811.ts"
"/demontazh-asfalta/","service_landing","Демонтаж асфальта","Демонтаж асфальта","commercial","демонтаж асфальта","new_batch_2026-08-11","https://katet.tech/demontazh-asfalta/","directory + header + footer + related","checked_no_duplicate","implemented in seoBatch20260811.ts"
"/ukladka-dorozhnyh-plit/","service_landing","Укладка дорожных плит","Укладка дорожных плит","commercial","укладка дорожных плит","new_batch_2026-08-11","https://katet.tech/ukladka-dorozhnyh-plit/","directory + header + footer + related","checked_no_duplicate","implemented in seoBatch20260811.ts"
"/demontazh-metallokonstrukcij/","service_landing","Демонтаж металлоконструкций","Демонтаж металлоконструкций","commercial","демонтаж металлоконструкций","new_batch_2026-08-11","https://katet.tech/demontazh-metallokonstrukcij/","directory + header + footer + related","checked_no_duplicate","implemented in seoBatch20260811.ts"
