"type","template","url","path","lastmod"
"author","author_archive","http://katet.tech/author/katet_audite/","/author/katet_audite/","2024-11-11T13:44:58+00:00"
"category","blog_category","http://katet.tech/category/buldozery/","/category/buldozery/","2026-02-19T11:16:44+00:00"
"category","blog_category","http://katet.tech/category/ekskavatory/","/category/ekskavatory/","2026-02-17T14:05:12+00:00"
"category","blog_category","http://katet.tech/category/manipulyatory/","/category/manipulyatory/","2026-02-17T11:47:19+00:00"
"category","blog_category","http://katet.tech/category/podemniki/","/category/podemniki/","2026-02-17T10:27:16+00:00"
"category","blog_category","http://katet.tech/category/raznoe/","/category/raznoe/","2026-02-24T09:15:19+00:00"
"post","blog_or_article","http://katet.tech/blog/","/blog/","2026-02-24T09:15:19+00:00"
"post","blog_or_article","http://katet.tech/chto-delaet-buldozer-na-strojke/","/chto-delaet-buldozer-na-strojke/","2026-02-17T13:43:22+00:00"
"post","blog_or_article","http://katet.tech/chto-delaet-ekskavator/","/chto-delaet-ekskavator/","2026-02-17T14:05:12+00:00"
"post","blog_or_article","http://katet.tech/chto-luchshe-vzyat-v-arendu-manipulyator-ili-kran/","/chto-luchshe-vzyat-v-arendu-manipulyator-ili-kran/","2026-02-17T08:58:46+00:00"
"post","blog_or_article","http://katet.tech/chto-takoe-dolgosrochnaya-arenda-spectekhniki-i-komu-ona-vygodna/","/chto-takoe-dolgosrochnaya-arenda-spectekhniki-i-komu-ona-vygodna/","2026-02-19T11:40:59+00:00"
"post","blog_or_article","http://katet.tech/chto-takoe-tral-i-kakoy-vid-vybrat/","/chto-takoe-tral-i-kakoy-vid-vybrat/","2026-02-17T15:44:20+00:00"
"post","blog_or_article","http://katet.tech/chto-znachit-razrabotka-grunta/","/chto-znachit-razrabotka-grunta/","2026-02-13T15:56:23+00:00"
"post","blog_or_article","http://katet.tech/dlya-chego-ispolzuetsya-samosval/","/dlya-chego-ispolzuetsya-samosval/","2026-02-17T12:23:47+00:00"
"post","blog_or_article","http://katet.tech/dlya-chego-nuzhna-avtovyshka/","/dlya-chego-nuzhna-avtovyshka/","2026-02-17T15:23:57+00:00"
"post","blog_or_article","http://katet.tech/dlya-chego-prednaznacheny-buldozery/","/dlya-chego-prednaznacheny-buldozery/","2026-02-16T09:36:41+00:00"
"post","blog_or_article","http://katet.tech/dlya-kakikh-rabot-podkhodit-mini-ehkskavator/","/dlya-kakikh-rabot-podkhodit-mini-ehkskavator/","2026-02-13T11:21:25+00:00"
"post","blog_or_article","http://katet.tech/gde-zakazat-arendu-spectekhniki-v-moskve/","/gde-zakazat-arendu-spectekhniki-v-moskve/","2026-02-13T10:58:52+00:00"
"post","blog_or_article","http://katet.tech/kakaya-spectekhnika-samaya-vostrebovannaya/","/kakaya-spectekhnika-samaya-vostrebovannaya/","2026-02-17T08:08:20+00:00"
"post","blog_or_article","http://katet.tech/kakie-byvayut-dlinnomery/","/kakie-byvayut-dlinnomery/","2026-02-17T15:32:20+00:00"
"post","blog_or_article","http://katet.tech/kakie-marki-avtokranov-populyarny-v-arende/","/kakie-marki-avtokranov-populyarny-v-arende/","2026-02-24T09:15:19+00:00"
"post","blog_or_article","http://katet.tech/kakie-mashiny-otnosyatsya-k-zemlerojnym/","/kakie-mashiny-otnosyatsya-k-zemlerojnym/","2026-02-17T08:59:51+00:00"
"post","blog_or_article","http://katet.tech/kakie-mini-pogruzchiki-byvayut/","/kakie-mini-pogruzchiki-byvayut/","2026-02-17T15:07:01+00:00"
"post","blog_or_article","http://katet.tech/kakie-podiemniki-vybrat/","/kakie-podiemniki-vybrat/","2025-10-30T08:55:28+00:00"
"post","blog_or_article","http://katet.tech/kakoj-avtokran-luchshe/","/kakoj-avtokran-luchshe/","2026-02-17T13:42:09+00:00"
"post","blog_or_article","http://katet.tech/kakoj-ekskavator-luchshe-gusenichnyj-ili-kolesnyj/","/kakoj-ekskavator-luchshe-gusenichnyj-ili-kolesnyj/","2026-02-17T11:12:38+00:00"
"post","blog_or_article","http://katet.tech/kakoj-katok-vybrat/","/kakoj-katok-vybrat/","2026-02-13T12:39:08+00:00"
"post","blog_or_article","http://katet.tech/kakoj-mini-pogruzchik-luchshe/","/kakoj-mini-pogruzchik-luchshe/","2026-02-17T12:28:29+00:00"
"post","blog_or_article","http://katet.tech/kakoj-vybrat-ehkskavator-pogruzchik/","/kakoj-vybrat-ehkskavator-pogruzchik/","2026-02-17T10:04:04+00:00"
"post","blog_or_article","http://katet.tech/kak-pravilno-kopat-na-mini-ehkskavatore/","/kak-pravilno-kopat-na-mini-ehkskavatore/","2026-02-17T10:09:32+00:00"
"post","blog_or_article","http://katet.tech/kak-pravilno-rabotat-na-ekskavatore-pogruzchike/","/kak-pravilno-rabotat-na-ekskavatore-pogruzchike/","2026-02-17T13:41:23+00:00"
"post","blog_or_article","http://katet.tech/kak-rabotaet-ilosos/","/kak-rabotaet-ilosos/","2026-02-17T15:38:22+00:00"
"post","blog_or_article","http://katet.tech/kak-rabotat-na-manipulyatore-novichku/","/kak-rabotat-na-manipulyatore-novichku/","2026-02-17T09:44:16+00:00"
"post","blog_or_article","http://katet.tech/kak-vybrat-manipulyator/","/kak-vybrat-manipulyator/","2026-02-17T11:47:19+00:00"
"post","blog_or_article","http://katet.tech/mini-pogruzchiki-bobcat-sravnitelnaya-kharakteristika-modelej-s130-s175-i-s770/","/mini-pogruzchiki-bobcat-sravnitelnaya-kharakteristika-modelej-s130-s175-i-s770/","2026-02-13T12:05:58+00:00"
"post","blog_or_article","http://katet.tech/osobennosti-ehkspluatacii-buldozera-zimoj/","/osobennosti-ehkspluatacii-buldozera-zimoj/","2026-02-19T11:16:44+00:00"
"post","blog_or_article","http://katet.tech/vidy-ekskavatorov/","/vidy-ekskavatorov/","2026-02-17T14:00:33+00:00"
"post","blog_or_article","http://katet.tech/vidy-manipulyatorov/","/vidy-manipulyatorov/","2026-02-17T09:53:10+00:00"
"post","blog_or_article","http://katet.tech/vidy-podyomnikov/","/vidy-podyomnikov/","2026-02-17T10:27:16+00:00"
"post","blog_or_article","http://katet.tech/vidy-specztehniki-kakaya-byvaet-i-chto-vzyat-v-arendu/","/vidy-specztehniki-kakaya-byvaet-i-chto-vzyat-v-arendu/","2026-02-17T14:02:22+00:00"
"post","blog_or_article","http://katet.tech/vidy-stroitelnoj-tehniki/","/vidy-stroitelnoj-tehniki/","2026-02-17T13:00:22+00:00"
"post","blog_or_article","http://katet.tech/vidy-stroitelnykh-katkov/","/vidy-stroitelnykh-katkov/","2026-02-13T12:48:57+00:00"
"post","blog_or_article","http://katet.tech/vidy-tralov/","/vidy-tralov/","2026-02-17T15:58:10+00:00"
"post","blog_or_article","http://katet.tech/vybor-buldozera-dlya-zemlyanyh-rabot/","/vybor-buldozera-dlya-zemlyanyh-rabot/","2026-02-17T13:28:51+00:00"
"post","blog_or_article","http://katet.tech/vybor-mini-ehkskavatora/","/vybor-mini-ehkskavatora/","2026-02-13T15:44:22+00:00"
"post","blog_or_article","http://katet.tech/vybor-samosvala/","/vybor-samosvala/","2026-02-13T15:31:52+00:00"
"brand","brand_landing","http://katet.tech/brand/arenda-ehkskavatora-volvo/","/brand/arenda-ehkskavatora-volvo/","2025-12-10T09:04:25+00:00"
"brand","brand_landing","http://katet.tech/brand/arenda-ekskavatora-xcmg/","/brand/arenda-ekskavatora-xcmg/","2025-12-10T09:04:44+00:00"
"brand","brand_landing","http://katet.tech/brand/arenda-gusenichnogo-mini-pogruzchika-bobket/","/brand/arenda-gusenichnogo-mini-pogruzchika-bobket/","2025-10-17T09:02:51+00:00"
"brand","brand_landing","http://katet.tech/brand/arenda-mini-pogruzchika-bobcat/","/brand/arenda-mini-pogruzchika-bobcat/","2025-10-17T08:33:34+00:00"
"brand","brand_landing","http://katet.tech/brand/avtokrany-chelyabinecz/","/brand/avtokrany-chelyabinecz/","2025-04-21T16:43:31+00:00"
"brand","brand_landing","http://katet.tech/brand/avtokrany-galinchanin/","/brand/avtokrany-galinchanin/","2026-01-22T07:22:00+00:00"
"brand","brand_landing","http://katet.tech/brand/avtokrany-ivanovecz/","/brand/avtokrany-ivanovecz/","2026-01-22T07:23:48+00:00"
"brand","brand_landing","http://katet.tech/brand/avtokrany-klinczy/","/brand/avtokrany-klinczy/","2026-01-22T07:22:45+00:00"
"brand","brand_landing","http://katet.tech/brand/avtokrany-liebherr/","/brand/avtokrany-liebherr/","2025-06-26T07:49:10+00:00"
"brand","brand_landing","http://katet.tech/brand/avtokrany-xcmg/","/brand/avtokrany-xcmg/","2025-06-26T07:39:40+00:00"
"brand","brand_landing","http://katet.tech/brand/avtovyshki-hino/","/brand/avtovyshki-hino/","2025-08-15T07:47:47+00:00"
"brand","brand_landing","http://katet.tech/brand/avtovyshki-hyundai/","/brand/avtovyshki-hyundai/","2025-08-14T07:54:38+00:00"
"brand","brand_landing","http://katet.tech/brand/avtovyshki-isuzi/","/brand/avtovyshki-isuzi/","2025-08-14T07:39:17+00:00"
"brand","brand_landing","http://katet.tech/brand/avtovyshki-jac/","/brand/avtovyshki-jac/","2025-06-30T07:50:07+00:00"
"brand","brand_landing","http://katet.tech/brand/avtovyshki-kamaz/","/brand/avtovyshki-kamaz/","2025-07-29T11:49:11+00:00"
"brand","brand_landing","http://katet.tech/brand/avtovyshki-mitsubishi-fuso/","/brand/avtovyshki-mitsubishi-fuso/","2025-06-30T08:03:38+00:00"
"brand","brand_landing","http://katet.tech/brand/buldozery-caterpillar/","/brand/buldozery-caterpillar/","2025-07-07T10:53:57+00:00"
"brand","brand_landing","http://katet.tech/brand/buldozery-komatsu/","/brand/buldozery-komatsu/","2025-07-07T10:51:33+00:00"
"brand","brand_landing","http://katet.tech/brand/buldozery-shantui/","/brand/buldozery-shantui/","2025-07-07T10:55:03+00:00"
"brand","brand_landing","http://katet.tech/brand/buldozery-t-130/","/brand/buldozery-t-130/","2025-07-07T10:53:34+00:00"
"brand","brand_landing","http://katet.tech/brand/buldozery-t-170/","/brand/buldozery-t-170/","2025-07-07T10:53:09+00:00"
"brand","brand_landing","http://katet.tech/brand/dlinnomery-hyundai/","/brand/dlinnomery-hyundai/","2025-05-05T14:02:30+00:00"
"brand","brand_landing","http://katet.tech/brand/dlinnomery-iveco/","/brand/dlinnomery-iveco/","2025-05-05T12:15:07+00:00"
"brand","brand_landing","http://katet.tech/brand/dlinnomery-kamaz/","/brand/dlinnomery-kamaz/","2025-05-05T14:03:51+00:00"
"brand","brand_landing","http://katet.tech/brand/dlinnomery-man/","/brand/dlinnomery-man/","2025-05-05T14:02:14+00:00"
"brand","brand_landing","http://katet.tech/brand/dlinnomery-maz/","/brand/dlinnomery-maz/","2025-05-05T12:15:07+00:00"
"brand","brand_landing","http://katet.tech/brand/ekskavatory-case/","/brand/ekskavatory-case/","2025-08-26T08:55:08+00:00"
"brand","brand_landing","http://katet.tech/brand/ekskavatory-caterpillar/","/brand/ekskavatory-caterpillar/","2025-08-26T08:58:36+00:00"
"brand","brand_landing","http://katet.tech/brand/ekskavatory-doosan/","/brand/ekskavatory-doosan/","2025-08-26T08:56:06+00:00"
"brand","brand_landing","http://katet.tech/brand/ekskavatory-hitachi/","/brand/ekskavatory-hitachi/","2025-08-26T08:57:26+00:00"
"brand","brand_landing","http://katet.tech/brand/ekskavatory-hyundai/","/brand/ekskavatory-hyundai/","2025-08-26T08:56:41+00:00"
"brand","brand_landing","http://katet.tech/brand/ekskavatory-jcb/","/brand/ekskavatory-jcb/","2025-08-26T08:58:13+00:00"
"brand","brand_landing","http://katet.tech/brand/ekskavatory-komatsu/","/brand/ekskavatory-komatsu/","2025-08-26T08:56:59+00:00"
"brand","brand_landing","http://katet.tech/brand/ekskavatory-pogruzchiki-case/","/brand/ekskavatory-pogruzchiki-case/","2026-01-12T09:11:59+00:00"
"brand","brand_landing","http://katet.tech/brand/ekskavatory-pogruzchiki-cat/","/brand/ekskavatory-pogruzchiki-cat/","2026-01-12T09:12:24+00:00"
"brand","brand_landing","http://katet.tech/brand/ekskavatory-pogruzchiki-jcb/","/brand/ekskavatory-pogruzchiki-jcb/","2026-01-12T09:11:35+00:00"
"brand","brand_landing","http://katet.tech/brand/ekskavatory-pogruzchiki-new-hohland/","/brand/ekskavatory-pogruzchiki-new-hohland/","2026-01-12T09:12:57+00:00"
"brand","brand_landing","http://katet.tech/brand/kompressory-atlas-copco/","/brand/kompressory-atlas-copco/","2025-09-26T08:07:06+00:00"
"brand","brand_landing","http://katet.tech/brand/krany-manipulyatory-daewoo/","/brand/krany-manipulyatory-daewoo/","2026-01-12T09:16:08+00:00"
"brand","brand_landing","http://katet.tech/brand/krany-manipulyatory-isuzu/","/brand/krany-manipulyatory-isuzu/","2026-01-12T09:15:07+00:00"
"brand","brand_landing","http://katet.tech/brand/krany-manipulyatory-kamaz/","/brand/krany-manipulyatory-kamaz/","2026-01-19T08:07:37+00:00"
"brand","brand_landing","http://katet.tech/brand/podemniki-aurora/","/brand/podemniki-aurora/","2025-09-24T10:03:10+00:00"
"brand","brand_landing","http://katet.tech/brand/podemniki-genie/","/brand/podemniki-genie/","2025-04-30T07:24:02+00:00"
"brand","brand_landing","http://katet.tech/brand/podemniki-haulotte/","/brand/podemniki-haulotte/","2025-04-30T07:24:19+00:00"
"brand","brand_landing","http://katet.tech/brand/samosvaly-howo/","/brand/samosvaly-howo/","2025-04-21T17:18:24+00:00"
"brand","brand_landing","http://katet.tech/brand/samosvaly-kamaz/","/brand/samosvaly-kamaz/","2025-04-21T17:16:47+00:00"
"brand","brand_landing","http://katet.tech/brand/samosvaly-man/","/brand/samosvaly-man/","2025-04-21T17:17:15+00:00"
"brand","brand_landing","http://katet.tech/brand/samosvaly-scania/","/brand/samosvaly-scania/","2025-04-21T16:14:21+00:00"
"spetstekhnika","equipment_item","http://katet.tech/arenda_spetstekhniki/","/arenda_spetstekhniki/","2026-02-24T09:21:29+00:00"
"spetstekhnika","equipment_item","http://katet.tech/arenda_spetstekhniki/avtokran-chelyabinecz-vezdehod-16-tonn/","/arenda_spetstekhniki/avtokran-chelyabinecz-vezdehod-16-tonn/","2025-04-21T16:42:31+00:00"
"spetstekhnika","equipment_item","http://katet.tech/arenda_spetstekhniki/avtokran-chelyabinecz-vezdehod-32-tonny/","/arenda_spetstekhniki/avtokran-chelyabinecz-vezdehod-32-tonny/","2025-04-21T16:43:31+00:00"
"spetstekhnika","equipment_item","http://katet.tech/arenda_spetstekhniki/avtokran-galinchanin-25-tonn-s-guskom/","/arenda_spetstekhniki/avtokran-galinchanin-25-tonn-s-guskom/","2026-01-22T07:22:00+00:00"
"spetstekhnika","equipment_item","http://katet.tech/arenda_spetstekhniki/avtokran-ivanovecz-25-tonn/","/arenda_spetstekhniki/avtokran-ivanovecz-25-tonn/","2026-01-22T07:21:13+00:00"
"spetstekhnika","equipment_item","http://katet.tech/arenda_spetstekhniki/avtokran-ivanovecz-40-tonn-s-guskom/","/arenda_spetstekhniki/avtokran-ivanovecz-40-tonn-s-guskom/","2026-01-22T07:23:18+00:00"
"spetstekhnika","equipment_item","http://katet.tech/arenda_spetstekhniki/avtokran-ivanovecz-50-tonn-s-guskom/","/arenda_spetstekhniki/avtokran-ivanovecz-50-tonn-s-guskom/","2026-01-22T07:23:48+00:00"
"spetstekhnika","equipment_item","http://katet.tech/arenda_spetstekhniki/avtokran-ivanovecz-vezdehod-25-tonn/","/arenda_spetstekhniki/avtokran-ivanovecz-vezdehod-25-tonn/","2025-04-21T16:44:29+00:00"
"spetstekhnika","equipment_item","http://katet.tech/arenda_spetstekhniki/avtokran-kamaz-ks-35714k-3-ivanovec-16-tonn/","/arenda_spetstekhniki/avtokran-kamaz-ks-35714k-3-ivanovec-16-tonn/","2026-02-24T09:21:29+00:00"
"spetstekhnika","equipment_item","http://katet.tech/arenda_spetstekhniki/avtokran-klinczy-32-tonny/","/arenda_spetstekhniki/avtokran-klinczy-32-tonny/","2026-01-22T07:22:45+00:00"
"spetstekhnika","equipment_item","http://katet.tech/arenda_spetstekhniki/avtokran-liebherr-100-tonn/","/arenda_spetstekhniki/avtokran-liebherr-100-tonn/","2025-04-21T17:08:45+00:00"
"spetstekhnika","equipment_item","http://katet.tech/arenda_spetstekhniki/avtokran-liebherr-130-tonn/","/arenda_spetstekhniki/avtokran-liebherr-130-tonn/","2025-04-21T17:09:16+00:00"
"spetstekhnika","equipment_item","http://katet.tech/arenda_spetstekhniki/avtokran-liebherr-200-tonn/","/arenda_spetstekhniki/avtokran-liebherr-200-tonn/","2025-04-21T17:09:34+00:00"
"spetstekhnika","equipment_item","http://katet.tech/arenda_spetstekhniki/avtokran-liebherr-250-tonn/","/arenda_spetstekhniki/avtokran-liebherr-250-tonn/","2025-04-23T07:15:17+00:00"
"spetstekhnika","equipment_item","http://katet.tech/arenda_spetstekhniki/avtokran-liebherr-90-tonn/","/arenda_spetstekhniki/avtokran-liebherr-90-tonn/","2025-06-26T07:49:10+00:00"
"spetstekhnika","equipment_item","http://katet.tech/arenda_spetstekhniki/avtokran-xcmg-60-tonn/","/arenda_spetstekhniki/avtokran-xcmg-60-tonn/","2025-04-21T16:48:15+00:00"
"spetstekhnika","equipment_item","http://katet.tech/arenda_spetstekhniki/avtokran-xcmg-70-tonn/","/arenda_spetstekhniki/avtokran-xcmg-70-tonn/","2025-06-26T07:39:40+00:00"
"spetstekhnika","equipment_item","http://katet.tech/arenda_spetstekhniki/avtovyshka-12-14-m-s-gruzovoj-platformoj/","/arenda_spetstekhniki/avtovyshka-12-14-m-s-gruzovoj-platformoj/","2025-06-30T07:31:17+00:00"
"spetstekhnika","equipment_item","http://katet.tech/arenda_spetstekhniki/avtovyshka-16-18-m-s-gruzovoj-platformoj/","/arenda_spetstekhniki/avtovyshka-16-18-m-s-gruzovoj-platformoj/","2025-06-30T07:50:39+00:00"
"spetstekhnika","equipment_item","http://katet.tech/arenda_spetstekhniki/avtovyshka-16-m/","/arenda_spetstekhniki/avtovyshka-16-m/","2025-06-30T07:50:07+00:00"
"spetstekhnika","equipment_item","http://katet.tech/arenda_spetstekhniki/avtovyshka-18-m/","/arenda_spetstekhniki/avtovyshka-18-m/","2025-06-30T08:03:38+00:00"
"spetstekhnika","equipment_item","http://katet.tech/arenda_spetstekhniki/avtovyshka-22-m/","/arenda_spetstekhniki/avtovyshka-22-m/","2025-08-14T07:39:17+00:00"
"spetstekhnika","equipment_item","http://katet.tech/arenda_spetstekhniki/avtovyshka-24-m/","/arenda_spetstekhniki/avtovyshka-24-m/","2025-08-14T07:54:38+00:00"
"spetstekhnika","equipment_item","http://katet.tech/arenda_spetstekhniki/avtovyshka-28-m/","/arenda_spetstekhniki/avtovyshka-28-m/","2025-08-15T07:47:47+00:00"
"spetstekhnika","equipment_item","http://katet.tech/arenda_spetstekhniki/avtovyshka-32-m/","/arenda_spetstekhniki/avtovyshka-32-m/","2025-07-16T09:11:41+00:00"
"spetstekhnika","equipment_item","http://katet.tech/arenda_spetstekhniki/avtovyshka-32-m-vezdehod/","/arenda_spetstekhniki/avtovyshka-32-m-vezdehod/","2025-07-29T11:49:11+00:00"
"spetstekhnika","equipment_item","http://katet.tech/arenda_spetstekhniki/avtovyshka-36-m/","/arenda_spetstekhniki/avtovyshka-36-m/","2025-07-17T07:16:00+00:00"
"spetstekhnika","equipment_item","http://katet.tech/arenda_spetstekhniki/avtovyshka-40-m/","/arenda_spetstekhniki/avtovyshka-40-m/","2025-07-18T07:17:29+00:00"
"spetstekhnika","equipment_item","http://katet.tech/arenda_spetstekhniki/avtovyshka-45-m/","/arenda_spetstekhniki/avtovyshka-45-m/","2025-07-22T09:03:08+00:00"
"spetstekhnika","equipment_item","http://katet.tech/arenda_spetstekhniki/avtovyshka-45-m-vezdehod/","/arenda_spetstekhniki/avtovyshka-45-m-vezdehod/","2025-07-29T11:48:56+00:00"
"spetstekhnika","equipment_item","http://katet.tech/arenda_spetstekhniki/avtovyshka-60-m/","/arenda_spetstekhniki/avtovyshka-60-m/","2025-07-29T11:21:45+00:00"
"spetstekhnika","equipment_item","http://katet.tech/arenda_spetstekhniki/bortovoj-dlinnomer-iveco-125-m-20-tonn/","/arenda_spetstekhniki/bortovoj-dlinnomer-iveco-125-m-20-tonn/","2025-05-05T12:15:07+00:00"
"spetstekhnika","equipment_item","http://katet.tech/arenda_spetstekhniki/bortovoj-dlinnomer-man-136-m-25-tonn/","/arenda_spetstekhniki/bortovoj-dlinnomer-man-136-m-25-tonn/","2025-05-05T14:02:14+00:00"
"spetstekhnika","equipment_item","http://katet.tech/arenda_spetstekhniki/bortovoj-dlinnomer-maz-11-m-20-tonn/","/arenda_spetstekhniki/bortovoj-dlinnomer-maz-11-m-20-tonn/","2025-05-05T12:15:07+00:00"
"spetstekhnika","equipment_item","http://katet.tech/arenda_spetstekhniki/buldozer-caterpillar-d5g/","/arenda_spetstekhniki/buldozer-caterpillar-d5g/","2025-07-07T10:52:47+00:00"
"spetstekhnika","equipment_item","http://katet.tech/arenda_spetstekhniki/buldozer-caterpillar-d6/","/arenda_spetstekhniki/buldozer-caterpillar-d6/","2025-07-07T10:52:20+00:00"
"spetstekhnika","equipment_item","http://katet.tech/arenda_spetstekhniki/buldozer-caterpillar-d9r/","/arenda_spetstekhniki/buldozer-caterpillar-d9r/","2025-07-07T10:53:57+00:00"
"spetstekhnika","equipment_item","http://katet.tech/arenda_spetstekhniki/buldozer-komatsu-d65ex/","/arenda_spetstekhniki/buldozer-komatsu-d65ex/","2025-07-07T10:51:33+00:00"
"spetstekhnika","equipment_item","http://katet.tech/arenda_spetstekhniki/buldozer-shantui-sd08/","/arenda_spetstekhniki/buldozer-shantui-sd08/","2025-07-07T10:55:03+00:00"
"spetstekhnika","equipment_item","http://katet.tech/arenda_spetstekhniki/buldozer-shantui-sd16/","/arenda_spetstekhniki/buldozer-shantui-sd16/","2025-07-07T10:54:43+00:00"
"spetstekhnika","equipment_item","http://katet.tech/arenda_spetstekhniki/buldozer-shantui-sd32/","/arenda_spetstekhniki/buldozer-shantui-sd32/","2025-07-07T10:54:19+00:00"
"spetstekhnika","equipment_item","http://katet.tech/arenda_spetstekhniki/buldozer-t-130/","/arenda_spetstekhniki/buldozer-t-130/","2025-07-07T10:53:34+00:00"
"spetstekhnika","equipment_item","http://katet.tech/arenda_spetstekhniki/buldozer-t-170/","/arenda_spetstekhniki/buldozer-t-170/","2025-07-07T10:53:09+00:00"
"spetstekhnika","equipment_item","http://katet.tech/arenda_spetstekhniki/dizelnyj-kompressor-kaeser-m1001-2-molotka-3-4-molotka-betonolomy-produvka/","/arenda_spetstekhniki/dizelnyj-kompressor-kaeser-m1001-2-molotka-3-4-molotka-betonolomy-produvka/","2025-04-21T17:34:24+00:00"
"spetstekhnika","equipment_item","http://katet.tech/arenda_spetstekhniki/dlinnomer-platforma-hyundai-16-m-25-tonn/","/arenda_spetstekhniki/dlinnomer-platforma-hyundai-16-m-25-tonn/","2025-05-05T14:02:30+00:00"
"spetstekhnika","equipment_item","http://katet.tech/arenda_spetstekhniki/dlinnomer-vezdehod-kamaz-125-m-20-tonn/","/arenda_spetstekhniki/dlinnomer-vezdehod-kamaz-125-m-20-tonn/","2025-05-05T14:03:51+00:00"
"spetstekhnika","equipment_item","http://katet.tech/arenda_spetstekhniki/dlinnorukij-gusenichnyj-ekskavator-case-cx240b-lr/","/arenda_spetstekhniki/dlinnorukij-gusenichnyj-ekskavator-case-cx240b-lr/","2025-08-26T08:55:08+00:00"
"spetstekhnika","equipment_item","http://katet.tech/arenda_spetstekhniki/ekskavator-pogruzchik-case-590st/","/arenda_spetstekhniki/ekskavator-pogruzchik-case-590st/","2026-01-12T09:11:59+00:00"
"spetstekhnika","equipment_item","http://katet.tech/arenda_spetstekhniki/ekskavator-pogruzchik-cat-444f-2/","/arenda_spetstekhniki/ekskavator-pogruzchik-cat-444f-2/","2026-01-12T09:12:24+00:00"
"spetstekhnika","equipment_item","http://katet.tech/arenda_spetstekhniki/ekskavator-pogruzchik-jcb-3cx/","/arenda_spetstekhniki/ekskavator-pogruzchik-jcb-3cx/","2026-01-12T09:09:41+00:00"
"spetstekhnika","equipment_item","http://katet.tech/arenda_spetstekhniki/ekskavator-pogruzchik-jcb-3cx-s-gidromolotom/","/arenda_spetstekhniki/ekskavator-pogruzchik-jcb-3cx-s-gidromolotom/","2026-01-12T09:11:06+00:00"
"spetstekhnika","equipment_item","http://katet.tech/arenda_spetstekhniki/ekskavator-pogruzchik-jcb-4cx/","/arenda_spetstekhniki/ekskavator-pogruzchik-jcb-4cx/","2026-01-12T09:11:35+00:00"
"spetstekhnika","equipment_item","http://katet.tech/arenda_spetstekhniki/ekskavator-pogruzchik-new-hohland-b95c/","/arenda_spetstekhniki/ekskavator-pogruzchik-new-hohland-b95c/","2026-01-12T09:12:57+00:00"
"spetstekhnika","equipment_item","http://katet.tech/arenda_spetstekhniki/gabaritnyj-gusenichnyj-ekskavator-volvo-ce180blc/","/arenda_spetstekhniki/gabaritnyj-gusenichnyj-ekskavator-volvo-ce180blc/","2025-12-10T09:04:25+00:00"
"spetstekhnika","equipment_item","http://katet.tech/arenda_spetstekhniki/gabaritnyj-gusenichnyj-ekskavator-xcmg-xe225dn/","/arenda_spetstekhniki/gabaritnyj-gusenichnyj-ekskavator-xcmg-xe225dn/","2025-12-10T09:04:44+00:00"
"spetstekhnika","equipment_item","http://katet.tech/arenda_spetstekhniki/gusenichnyj-ekskavator-doosan-dx300lc/","/arenda_spetstekhniki/gusenichnyj-ekskavator-doosan-dx300lc/","2025-08-26T08:56:06+00:00"
"spetstekhnika","equipment_item","http://katet.tech/arenda_spetstekhniki/gusenichnyj-ekskavator-hitachi-zx330lc/","/arenda_spetstekhniki/gusenichnyj-ekskavator-hitachi-zx330lc/","2025-08-26T08:55:49+00:00"
"spetstekhnika","equipment_item","http://katet.tech/arenda_spetstekhniki/gusenichnyj-ekskavator-hyundai-r260lc-9s/","/arenda_spetstekhniki/gusenichnyj-ekskavator-hyundai-r260lc-9s/","2025-08-26T08:56:41+00:00"
"spetstekhnika","equipment_item","http://katet.tech/arenda_spetstekhniki/gusenichnyj-ekskavator-komatsu-pc220-7/","/arenda_spetstekhniki/gusenichnyj-ekskavator-komatsu-pc220-7/","2025-08-26T08:56:59+00:00"
"spetstekhnika","equipment_item","http://katet.tech/arenda_spetstekhniki/gusenichnyj-mini-pogruzchik-bobcat-t190-t590/","/arenda_spetstekhniki/gusenichnyj-mini-pogruzchik-bobcat-t190-t590/","2025-10-17T09:02:51+00:00"
"spetstekhnika","equipment_item","http://katet.tech/arenda_spetstekhniki/ilosos-ko-530-01/","/arenda_spetstekhniki/ilosos-ko-530-01/","2025-04-21T17:31:47+00:00"
"spetstekhnika","equipment_item","http://katet.tech/arenda_spetstekhniki/ilosos-ko-530-21/","/arenda_spetstekhniki/ilosos-ko-530-21/","2025-04-21T17:31:50+00:00"
"spetstekhnika","equipment_item","http://katet.tech/arenda_spetstekhniki/ilosos-kroll-20/","/arenda_spetstekhniki/ilosos-kroll-20/","2025-04-21T17:31:36+00:00"
"spetstekhnika","equipment_item","http://katet.tech/arenda_spetstekhniki/ilosos-mbc-12/","/arenda_spetstekhniki/ilosos-mbc-12/","2025-04-21T17:31:40+00:00"
"spetstekhnika","equipment_item","http://katet.tech/arenda_spetstekhniki/katok-ammann-av-26-k-kombinirovannyj-3-t-4-t/","/arenda_spetstekhniki/katok-ammann-av-26-k-kombinirovannyj-3-t-4-t/","2025-05-05T14:23:54+00:00"
"spetstekhnika","equipment_item","http://katet.tech/arenda_spetstekhniki/katok-bomag-bw-177-75-tonn/","/arenda_spetstekhniki/katok-bomag-bw-177-75-tonn/","2025-05-05T14:22:06+00:00"
"spetstekhnika","equipment_item","http://katet.tech/arenda_spetstekhniki/katok-bomag-bw-211-11-tonn/","/arenda_spetstekhniki/katok-bomag-bw-211-11-tonn/","2025-05-05T14:22:06+00:00"
"spetstekhnika","equipment_item","http://katet.tech/arenda_spetstekhniki/katok-hamm-3412-gruntovyj-142-tonn/","/arenda_spetstekhniki/katok-hamm-3412-gruntovyj-142-tonn/","2025-05-05T14:22:06+00:00"
"spetstekhnika","equipment_item","http://katet.tech/arenda_spetstekhniki/katok-hamm-hd-120-vv-13tonn/","/arenda_spetstekhniki/katok-hamm-hd-120-vv-13tonn/","2025-05-05T14:24:19+00:00"
"spetstekhnika","equipment_item","http://katet.tech/arenda_spetstekhniki/katok-hamm-hd-90-95-tonn/","/arenda_spetstekhniki/katok-hamm-hd-90-95-tonn/","2025-05-05T14:24:11+00:00"
"spetstekhnika","equipment_item","http://katet.tech/arenda_spetstekhniki/katok-kulachkovyj-bomag-bw-213-d5/","/arenda_spetstekhniki/katok-kulachkovyj-bomag-bw-213-d5/","2025-10-17T08:14:02+00:00"
"spetstekhnika","equipment_item","http://katet.tech/arenda_spetstekhniki/kolenchatyj-podemnik-genie-z-51-30j-rt/","/arenda_spetstekhniki/kolenchatyj-podemnik-genie-z-51-30j-rt/","2025-04-30T07:23:42+00:00"
"spetstekhnika","equipment_item","http://katet.tech/arenda_spetstekhniki/kolenchatyj-podemnik-haulotte-ha12px/","/arenda_spetstekhniki/kolenchatyj-podemnik-haulotte-ha12px/","2025-04-30T07:23:42+00:00"
"spetstekhnika","equipment_item","http://katet.tech/arenda_spetstekhniki/kolenchatyj-podemnik-haulotte-ha20-le-pro/","/arenda_spetstekhniki/kolenchatyj-podemnik-haulotte-ha20-le-pro/","2025-04-30T07:23:42+00:00"
"spetstekhnika","equipment_item","http://katet.tech/arenda_spetstekhniki/kolesnyj-ekskavator-case-wx210/","/arenda_spetstekhniki/kolesnyj-ekskavator-case-wx210/","2025-08-26T08:54:26+00:00"
"spetstekhnika","equipment_item","http://katet.tech/arenda_spetstekhniki/kolesnyj-ekskavator-caterpillar-m315d/","/arenda_spetstekhniki/kolesnyj-ekskavator-caterpillar-m315d/","2025-08-26T08:58:36+00:00"
"spetstekhnika","equipment_item","http://katet.tech/arenda_spetstekhniki/kolesnyj-ekskavator-doosan-dx210w/","/arenda_spetstekhniki/kolesnyj-ekskavator-doosan-dx210w/","2025-07-07T10:43:29+00:00"
"spetstekhnika","equipment_item","http://katet.tech/arenda_spetstekhniki/kolesnyj-ekskavator-jcb-js130w/","/arenda_spetstekhniki/kolesnyj-ekskavator-jcb-js130w/","2025-08-26T08:58:13+00:00"
"spetstekhnika","equipment_item","http://katet.tech/arenda_spetstekhniki/kolesnyj-ekskavator-jcb-js200w/","/arenda_spetstekhniki/kolesnyj-ekskavator-jcb-js200w/","2025-08-26T08:54:45+00:00"
"spetstekhnika","equipment_item","http://katet.tech/arenda_spetstekhniki/kolyosnyj-ekskavator-hitachi-zx190w-5a/","/arenda_spetstekhniki/kolyosnyj-ekskavator-hitachi-zx190w-5a/","2025-08-26T08:57:26+00:00"
"spetstekhnika","equipment_item","http://katet.tech/arenda_spetstekhniki/kompressor-atlas-copco-xahs-146-1-2-molotka-3-4-molotka-betonolomy-produvka/","/arenda_spetstekhniki/kompressor-atlas-copco-xahs-146-1-2-molotka-3-4-molotka-betonolomy-produvka/","2025-09-26T08:07:06+00:00"
"spetstekhnika","equipment_item","http://katet.tech/arenda_spetstekhniki/kompressor-atlas-copco-xahs-146-1-2-molotka-3-4-molotka-betonolomy-produvka-2/","/arenda_spetstekhniki/kompressor-atlas-copco-xahs-146-1-2-molotka-3-4-molotka-betonolomy-produvka-2/","2025-09-26T08:06:54+00:00"
"spetstekhnika","equipment_item","http://katet.tech/arenda_spetstekhniki/kompressor-atlas-copco-xahs-78-kd-1-2-molotka-3-4-molotka-betonolomy-produvka/","/arenda_spetstekhniki/kompressor-atlas-copco-xahs-78-kd-1-2-molotka-3-4-molotka-betonolomy-produvka/","2025-09-26T08:06:45+00:00"
"spetstekhnika","equipment_item","http://katet.tech/arenda_spetstekhniki/kran-manipulyator-daewoo-novus-7-tonn/","/arenda_spetstekhniki/kran-manipulyator-daewoo-novus-7-tonn/","2026-01-12T09:16:08+00:00"
"spetstekhnika","equipment_item","http://katet.tech/arenda_spetstekhniki/kran-manipulyator-daewoo-novus-8-tonn/","/arenda_spetstekhniki/kran-manipulyator-daewoo-novus-8-tonn/","2026-01-12T09:16:28+00:00"
"spetstekhnika","equipment_item","http://katet.tech/arenda_spetstekhniki/kran-manipulyator-isuzu-np-3-tonny/","/arenda_spetstekhniki/kran-manipulyator-isuzu-np-3-tonny/","2026-01-12T09:15:07+00:00"
"spetstekhnika","equipment_item","http://katet.tech/arenda_spetstekhniki/kran-manipulyator-kamaz-43118-vezdehod-7-tonn-gidravlicheskij/","/arenda_spetstekhniki/kran-manipulyator-kamaz-43118-vezdehod-7-tonn-gidravlicheskij/","2026-01-12T09:17:45+00:00"
"spetstekhnika","equipment_item","http://katet.tech/arenda_spetstekhniki/kran-manipulyator-kamaz-43118-vezdehod-7-tonn-trosovyj/","/arenda_spetstekhniki/kran-manipulyator-kamaz-43118-vezdehod-7-tonn-trosovyj/","2026-01-12T09:17:27+00:00"
"spetstekhnika","equipment_item","http://katet.tech/arenda_spetstekhniki/kran-manipulyator-kamaz-65115-7-tonn/","/arenda_spetstekhniki/kran-manipulyator-kamaz-65115-7-tonn/","2026-01-19T08:07:37+00:00"
"spetstekhnika","equipment_item","http://katet.tech/arenda_spetstekhniki/kran-manipulyator-kamaz-65117-7-tonn/","/arenda_spetstekhniki/kran-manipulyator-kamaz-65117-7-tonn/","2026-01-19T08:08:02+00:00"
"spetstekhnika","equipment_item","http://katet.tech/arenda_spetstekhniki/kran-manipulyator-kamaz-65206-dlinnomer-7-tonn/","/arenda_spetstekhniki/kran-manipulyator-kamaz-65206-dlinnomer-7-tonn/","2026-01-19T08:08:27+00:00"
"spetstekhnika","equipment_item","http://katet.tech/arenda_spetstekhniki/kran-manipulyator-scania-15-tonn/","/arenda_spetstekhniki/kran-manipulyator-scania-15-tonn/","2026-01-12T09:17:09+00:00"
"spetstekhnika","equipment_item","http://katet.tech/arenda_spetstekhniki/kran-manipulyator-scania-9-tonn/","/arenda_spetstekhniki/kran-manipulyator-scania-9-tonn/","2026-01-12T09:16:52+00:00"
"spetstekhnika","equipment_item","http://katet.tech/arenda_spetstekhniki/mini-ekskavator-hitachi-zx26u-5a/","/arenda_spetstekhniki/mini-ekskavator-hitachi-zx26u-5a/","2025-04-21T17:33:44+00:00"
"spetstekhnika","equipment_item","http://katet.tech/arenda_spetstekhniki/mini-ekskavator-hitachi-zx50/","/arenda_spetstekhniki/mini-ekskavator-hitachi-zx50/","2025-04-21T17:33:52+00:00"
"spetstekhnika","equipment_item","http://katet.tech/arenda_spetstekhniki/mini-ekskavator-hitachi-zx65usb-5a/","/arenda_spetstekhniki/mini-ekskavator-hitachi-zx65usb-5a/","2025-04-21T17:34:00+00:00"
"spetstekhnika","equipment_item","http://katet.tech/arenda_spetstekhniki/mini-ekskavator-jcb-8035-zts/","/arenda_spetstekhniki/mini-ekskavator-jcb-8035-zts/","2025-04-21T17:33:48+00:00"
"spetstekhnika","equipment_item","http://katet.tech/arenda_spetstekhniki/mini-ekskavator-volvo-ec55b-pro/","/arenda_spetstekhniki/mini-ekskavator-volvo-ec55b-pro/","2025-11-20T07:23:49+00:00"
"spetstekhnika","equipment_item","http://katet.tech/arenda_spetstekhniki/mini-pogruzchik-bobcat-s130/","/arenda_spetstekhniki/mini-pogruzchik-bobcat-s130/","2025-10-17T08:32:58+00:00"
"spetstekhnika","equipment_item","http://katet.tech/arenda_spetstekhniki/mini-pogruzchik-bobcat-s175-s530/","/arenda_spetstekhniki/mini-pogruzchik-bobcat-s175-s530/","2025-10-17T08:32:32+00:00"
"spetstekhnika","equipment_item","http://katet.tech/arenda_spetstekhniki/mini-pogruzchik-bobcat-s770-s300/","/arenda_spetstekhniki/mini-pogruzchik-bobcat-s770-s300/","2025-10-17T08:33:34+00:00"
"spetstekhnika","equipment_item","http://katet.tech/arenda_spetstekhniki/nozhnichnyj-podemnik-aurora-ss0407e/","/arenda_spetstekhniki/nozhnichnyj-podemnik-aurora-ss0407e/","2025-09-24T10:03:10+00:00"
"spetstekhnika","equipment_item","http://katet.tech/arenda_spetstekhniki/nozhnichnyj-podemnik-genie-gs-2032/","/arenda_spetstekhniki/nozhnichnyj-podemnik-genie-gs-2032/","2025-04-30T07:24:02+00:00"
"spetstekhnika","equipment_item","http://katet.tech/arenda_spetstekhniki/nozhnichnyj-podemnik-haulotte-compact-10dx/","/arenda_spetstekhniki/nozhnichnyj-podemnik-haulotte-compact-10dx/","2025-04-30T07:24:02+00:00"
"spetstekhnika","equipment_item","http://katet.tech/arenda_spetstekhniki/nozhnichnyj-podemnik-haulotte-compact-12dx/","/arenda_spetstekhniki/nozhnichnyj-podemnik-haulotte-compact-12dx/","2025-04-30T07:24:02+00:00"
"spetstekhnika","equipment_item","http://katet.tech/arenda_spetstekhniki/nozhnichnyj-podemnik-haulotte-compact-h15sx/","/arenda_spetstekhniki/nozhnichnyj-podemnik-haulotte-compact-h15sx/","2025-04-30T07:24:02+00:00"
"spetstekhnika","equipment_item","http://katet.tech/arenda_spetstekhniki/nozhnichnyj-podemnik-haulotte-compact-h18sx/","/arenda_spetstekhniki/nozhnichnyj-podemnik-haulotte-compact-h18sx/","2025-04-30T07:24:02+00:00"
"spetstekhnika","equipment_item","http://katet.tech/arenda_spetstekhniki/pnevmokolesnyj-katok-hamm-hp-180-9-tonn/","/arenda_spetstekhniki/pnevmokolesnyj-katok-hamm-hp-180-9-tonn/","2025-10-28T16:00:15+00:00"
"spetstekhnika","equipment_item","http://katet.tech/arenda_spetstekhniki/polivomoechnaya-mashina-kamaz/","/arenda_spetstekhniki/polivomoechnaya-mashina-kamaz/","2025-04-21T17:34:09+00:00"
"spetstekhnika","equipment_item","http://katet.tech/arenda_spetstekhniki/polivomoechnaya-mashina-maz/","/arenda_spetstekhniki/polivomoechnaya-mashina-maz/","2025-04-21T17:34:05+00:00"
"spetstekhnika","equipment_item","http://katet.tech/arenda_spetstekhniki/samosval-howo-245-m-kub/","/arenda_spetstekhniki/samosval-howo-245-m-kub/","2025-04-21T17:18:24+00:00"
"spetstekhnika","equipment_item","http://katet.tech/arenda_spetstekhniki/samosval-kamaz-65115-10-m-kub/","/arenda_spetstekhniki/samosval-kamaz-65115-10-m-kub/","2025-04-21T17:15:24+00:00"
"spetstekhnika","equipment_item","http://katet.tech/arenda_spetstekhniki/samosval-kamaz-6520-18-m-kub/","/arenda_spetstekhniki/samosval-kamaz-6520-18-m-kub/","2025-04-21T17:15:46+00:00"
"spetstekhnika","equipment_item","http://katet.tech/arenda_spetstekhniki/samosval-kamaz-65801-20-m-kub/","/arenda_spetstekhniki/samosval-kamaz-65801-20-m-kub/","2025-04-21T17:16:47+00:00"
"spetstekhnika","equipment_item","http://katet.tech/arenda_spetstekhniki/samosval-man-tgs-41-20-m-kub/","/arenda_spetstekhniki/samosval-man-tgs-41-20-m-kub/","2025-04-21T17:17:15+00:00"
"spetstekhnika","equipment_item","http://katet.tech/arenda_spetstekhniki/samosval-scania-p380-16-m-kub/","/arenda_spetstekhniki/samosval-scania-p380-16-m-kub/","2025-04-21T16:14:21+00:00"
"spetstekhnika","equipment_item","http://katet.tech/arenda_spetstekhniki/samosval-vezdekhod-kamaz-45142-11-m3/","/arenda_spetstekhniki/samosval-vezdekhod-kamaz-45142-11-m3/","2025-12-16T07:21:01+00:00"
"spetstekhnika","equipment_item","http://katet.tech/arenda_spetstekhniki/samosval-vezdekhod-ural-6370k-0121-16-m3/","/arenda_spetstekhniki/samosval-vezdekhod-ural-6370k-0121-16-m3/","2025-12-24T12:14:27+00:00"
"spetstekhnika","equipment_item","http://katet.tech/arenda_spetstekhniki/teleskopicheskij-podemnik-haulotte-h16tpx/","/arenda_spetstekhniki/teleskopicheskij-podemnik-haulotte-h16tpx/","2025-04-30T07:24:19+00:00"
"spetstekhnika","equipment_item","http://katet.tech/arenda_spetstekhniki/teleskopicheskij-podemnik-haulotte-ht-23-rtj/","/arenda_spetstekhniki/teleskopicheskij-podemnik-haulotte-ht-23-rtj/","2025-04-30T07:24:19+00:00"
"spetstekhnika","equipment_item","http://katet.tech/arenda_spetstekhniki/teleskopicheskij-podemnik-haulotte-ht43-rtj/","/arenda_spetstekhniki/teleskopicheskij-podemnik-haulotte-ht43-rtj/","2025-04-30T07:24:19+00:00"
"spetstekhnika","equipment_item","http://katet.tech/arenda_spetstekhniki/tral-25-tonn/","/arenda_spetstekhniki/tral-25-tonn/","2025-05-30T07:17:11+00:00"
"spetstekhnika","equipment_item","http://katet.tech/arenda_spetstekhniki/tral-45-tonn/","/arenda_spetstekhniki/tral-45-tonn/","2025-05-30T07:17:32+00:00"
"spetstekhnika","equipment_item","http://katet.tech/arenda_spetstekhniki/tral-60-tonn/","/arenda_spetstekhniki/tral-60-tonn/","2025-05-30T07:18:21+00:00"
"spetstekhnika","equipment_item","http://katet.tech/arenda_spetstekhniki/tral-90-tonn/","/arenda_spetstekhniki/tral-90-tonn/","2025-05-30T07:16:44+00:00"
"vid-techniki","equipment_type_landing","http://katet.tech/arenda/arenda-avtokrana/","/arenda/arenda-avtokrana/","2026-02-24T09:21:29+00:00"
"vid-techniki","equipment_type_landing","http://katet.tech/arenda/arenda-avtokrana-100-tonn/","/arenda/arenda-avtokrana-100-tonn/","2025-04-21T17:08:45+00:00"
"vid-techniki","equipment_type_landing","http://katet.tech/arenda/arenda-avtokrana-130-tonn/","/arenda/arenda-avtokrana-130-tonn/","2025-04-21T17:09:16+00:00"
"vid-techniki","equipment_type_landing","http://katet.tech/arenda/arenda-avtokrana-16-tonn/","/arenda/arenda-avtokrana-16-tonn/","2026-02-24T09:21:29+00:00"
"vid-techniki","equipment_type_landing","http://katet.tech/arenda/arenda-avtokrana-200-tonn/","/arenda/arenda-avtokrana-200-tonn/","2025-04-21T17:09:34+00:00"
"vid-techniki","equipment_type_landing","http://katet.tech/arenda/arenda-avtokrana-250-tonn/","/arenda/arenda-avtokrana-250-tonn/","2025-04-23T07:15:17+00:00"
"vid-techniki","equipment_type_landing","http://katet.tech/arenda/arenda-avtokrana-25-tonn/","/arenda/arenda-avtokrana-25-tonn/","2026-01-22T07:22:00+00:00"
"vid-techniki","equipment_type_landing","http://katet.tech/arenda/arenda-avtokrana-40-t/","/arenda/arenda-avtokrana-40-t/","2026-01-22T07:23:18+00:00"
"vid-techniki","equipment_type_landing","http://katet.tech/arenda/arenda-avtokrana-50-tonn/","/arenda/arenda-avtokrana-50-tonn/","2026-01-22T07:23:48+00:00"
"vid-techniki","equipment_type_landing","http://katet.tech/arenda/arenda-avtokrana-60-tonn/","/arenda/arenda-avtokrana-60-tonn/","2025-04-21T16:48:15+00:00"
"vid-techniki","equipment_type_landing","http://katet.tech/arenda/arenda-avtokrana-70-tonn/","/arenda/arenda-avtokrana-70-tonn/","2025-06-26T07:39:40+00:00"
"vid-techniki","equipment_type_landing","http://katet.tech/arenda/arenda-avtokrana-90-tonn-v-moskve/","/arenda/arenda-avtokrana-90-tonn-v-moskve/","2025-06-26T07:49:10+00:00"
"vid-techniki","equipment_type_landing","http://katet.tech/arenda/arenda-avtovyshki-12-metrov/","/arenda/arenda-avtovyshki-12-metrov/","2025-06-30T07:31:17+00:00"
"vid-techniki","equipment_type_landing","http://katet.tech/arenda/arenda-avtovyshki-16-metrov/","/arenda/arenda-avtovyshki-16-metrov/","2025-06-30T07:50:39+00:00"
"vid-techniki","equipment_type_landing","http://katet.tech/arenda/arenda-avtovyshki-18-metrov/","/arenda/arenda-avtovyshki-18-metrov/","2025-06-30T08:03:38+00:00"
"vid-techniki","equipment_type_landing","http://katet.tech/arenda/arenda-avtovyshki-22-metra/","/arenda/arenda-avtovyshki-22-metra/","2025-08-14T07:39:17+00:00"
"vid-techniki","equipment_type_landing","http://katet.tech/arenda/arenda-avtovyshki-24-metra/","/arenda/arenda-avtovyshki-24-metra/","2025-08-14T07:54:38+00:00"
"vid-techniki","equipment_type_landing","http://katet.tech/arenda/arenda-avtovyshki-28-metrov/","/arenda/arenda-avtovyshki-28-metrov/","2025-08-15T07:47:47+00:00"
"vid-techniki","equipment_type_landing","http://katet.tech/arenda/arenda-avtovyshki-32-metra/","/arenda/arenda-avtovyshki-32-metra/","2025-07-29T11:49:11+00:00"
"vid-techniki","equipment_type_landing","http://katet.tech/arenda/arenda-avtovyshki-36-metrov/","/arenda/arenda-avtovyshki-36-metrov/","2025-07-17T07:16:00+00:00"
"vid-techniki","equipment_type_landing","http://katet.tech/arenda/arenda-avtovyshki-40-metrov/","/arenda/arenda-avtovyshki-40-metrov/","2025-07-18T07:17:29+00:00"
"vid-techniki","equipment_type_landing","http://katet.tech/arenda/arenda-avtovyshki-45-metrov/","/arenda/arenda-avtovyshki-45-metrov/","2025-07-29T11:48:56+00:00"
"vid-techniki","equipment_type_landing","http://katet.tech/arenda/arenda-buldozera-v-moskve/","/arenda/arenda-buldozera-v-moskve/","2025-07-07T10:55:03+00:00"
"vid-techniki","equipment_type_landing","http://katet.tech/arenda/arenda-dlinnomerov-v-moskve/","/arenda/arenda-dlinnomerov-v-moskve/","2025-05-05T14:03:51+00:00"
"vid-techniki","equipment_type_landing","http://katet.tech/arenda/arenda-dlinnorukogo-ehkskavatora/","/arenda/arenda-dlinnorukogo-ehkskavatora/","2025-08-26T08:55:08+00:00"
"vid-techniki","equipment_type_landing","http://katet.tech/arenda/arenda-dorozhnyh-katkov-v-moskve/","/arenda/arenda-dorozhnyh-katkov-v-moskve/","2025-10-28T16:00:15+00:00"
"vid-techniki","equipment_type_landing","http://katet.tech/arenda/arenda-ehkskavatora-pogruzchika-s-gidromolotom/","/arenda/arenda-ehkskavatora-pogruzchika-s-gidromolotom/","2026-01-12T09:11:06+00:00"
"vid-techniki","equipment_type_landing","http://katet.tech/arenda/arenda-ekskavatora-dlya-kopki-transhey/","/arenda/arenda-ekskavatora-dlya-kopki-transhey/","2026-01-12T09:12:57+00:00"
"vid-techniki","equipment_type_landing","http://katet.tech/arenda/arenda-ekskavatora-na-kolesnom-hodu/","/arenda/arenda-ekskavatora-na-kolesnom-hodu/","2025-08-26T08:58:36+00:00"
"vid-techniki","equipment_type_landing","http://katet.tech/arenda/arenda-ekskavatora-pogruzchika-v-ramenskom/","/arenda/arenda-ekskavatora-pogruzchika-v-ramenskom/","2026-01-12T09:12:57+00:00"
"vid-techniki","equipment_type_landing","http://katet.tech/arenda/arenda-ekskavatorov-pogruzchikov-v-moskve/","/arenda/arenda-ekskavatorov-pogruzchikov-v-moskve/","2026-01-12T09:12:57+00:00"
"vid-techniki","equipment_type_landing","http://katet.tech/arenda/arenda-ekskavatorov-v-moskve/","/arenda/arenda-ekskavatorov-v-moskve/","2025-12-10T09:04:44+00:00"
"vid-techniki","equipment_type_landing","http://katet.tech/arenda/arenda-gruntovyh-katkov-v-moskve/","/arenda/arenda-gruntovyh-katkov-v-moskve/","2025-10-17T08:14:02+00:00"
"vid-techniki","equipment_type_landing","http://katet.tech/arenda/arenda-ilososov-v-moskve/","/arenda/arenda-ilososov-v-moskve/","2025-04-21T17:31:50+00:00"
"vid-techniki","equipment_type_landing","http://katet.tech/arenda/arenda-katkov-v-moskve/","/arenda/arenda-katkov-v-moskve/","2025-10-28T16:00:15+00:00"
"vid-techniki","equipment_type_landing","http://katet.tech/arenda/arenda-kompressorov/","/arenda/arenda-kompressorov/","2025-09-26T08:07:06+00:00"
"vid-techniki","equipment_type_landing","http://katet.tech/arenda/arenda-kulachkovogo-katka/","/arenda/arenda-kulachkovogo-katka/","2025-10-17T08:14:02+00:00"
"vid-techniki","equipment_type_landing","http://katet.tech/arenda/arenda-manipulyatora/","/arenda/arenda-manipulyatora/","2026-01-19T08:08:27+00:00"
"vid-techniki","equipment_type_landing","http://katet.tech/arenda/arenda-manipulyatora-15-tonn/","/arenda/arenda-manipulyatora-15-tonn/","2026-01-12T09:17:09+00:00"
"vid-techniki","equipment_type_landing","http://katet.tech/arenda/arenda-manipulyatora-3-tonny/","/arenda/arenda-manipulyatora-3-tonny/","2026-01-12T09:15:07+00:00"
"vid-techniki","equipment_type_landing","http://katet.tech/arenda/arenda-manipulyatora-8-tonn/","/arenda/arenda-manipulyatora-8-tonn/","2026-01-12T09:16:28+00:00"
"vid-techniki","equipment_type_landing","http://katet.tech/arenda/arenda-manipulyatora-dlinnomera/","/arenda/arenda-manipulyatora-dlinnomera/","2026-01-19T08:08:27+00:00"
"vid-techniki","equipment_type_landing","http://katet.tech/arenda/arenda-manipulyatora-vezdehoda-v-moskve/","/arenda/arenda-manipulyatora-vezdehoda-v-moskve/","2026-01-12T09:17:45+00:00"
"vid-techniki","equipment_type_landing","http://katet.tech/arenda/arenda-mini-ekskavatorov-v-moskve/","/arenda/arenda-mini-ekskavatorov-v-moskve/","2025-11-20T07:23:49+00:00"
"vid-techniki","equipment_type_landing","http://katet.tech/arenda/arenda-mini-pogruzchikov-v-moskve/","/arenda/arenda-mini-pogruzchikov-v-moskve/","2025-10-17T09:02:51+00:00"
"vid-techniki","equipment_type_landing","http://katet.tech/arenda/arenda-pnevmokolesnogo-katka/","/arenda/arenda-pnevmokolesnogo-katka/","2025-10-28T16:00:15+00:00"
"vid-techniki","equipment_type_landing","http://katet.tech/arenda/arenda-samosvalov-v-moskve/","/arenda/arenda-samosvalov-v-moskve/","2025-12-24T12:14:27+00:00"
"vid-techniki","equipment_type_landing","http://katet.tech/arenda/arenda-stroitelnoj-tekhniki/","/arenda/arenda-stroitelnoj-tekhniki/","2026-01-22T07:22:45+00:00"
"vid-techniki","equipment_type_landing","http://katet.tech/arenda/arenda-tralov-v-moskve/","/arenda/arenda-tralov-v-moskve/","2025-05-30T07:18:21+00:00"
"vid-techniki","equipment_type_landing","http://katet.tech/arenda/arenda-vezdehoda-samosvala-ural/","/arenda/arenda-vezdehoda-samosvala-ural/","2025-12-24T12:14:27+00:00"
"vid-techniki","equipment_type_landing","http://katet.tech/arenda/avtovyshka-60-metrov-v-arendu/","/arenda/avtovyshka-60-metrov-v-arendu/","2025-07-29T11:21:45+00:00"
"vid-techniki","equipment_type_landing","http://katet.tech/arenda/avtovyshka-vezdekhod-v-arendu/","/arenda/avtovyshka-vezdekhod-v-arendu/","2025-07-29T11:49:11+00:00"
"vid-techniki","equipment_type_landing","http://katet.tech/arenda/kamaz-s-manipulyatorom-v-arendu/","/arenda/kamaz-s-manipulyatorom-v-arendu/","2026-01-19T08:08:27+00:00"
"vid-techniki","equipment_type_landing","http://katet.tech/arenda/kolenchatye-podemniki-v-moskve/","/arenda/kolenchatye-podemniki-v-moskve/","2025-04-30T07:23:42+00:00"
"vid-techniki","equipment_type_landing","http://katet.tech/arenda/polivomoechnye-mashiny/","/arenda/polivomoechnye-mashiny/","2025-04-21T17:34:09+00:00"
"vid-techniki","equipment_type_landing","http://katet.tech/arenda/samosval-vezdehod-v-arendu/","/arenda/samosval-vezdehod-v-arendu/","2025-12-24T12:14:27+00:00"
"vid-techniki","equipment_type_landing","http://katet.tech/arenda/teleskopicheskie-podemniki-v-moskve/","/arenda/teleskopicheskie-podemniki-v-moskve/","2025-04-30T07:24:19+00:00"
"vid-techniki","equipment_type_landing","http://katet.tech/arenda/uslugi-avtokrana-32-tonny/","/arenda/uslugi-avtokrana-32-tonny/","2026-01-22T07:22:45+00:00"
"vid-techniki","equipment_type_landing","http://katet.tech/arenda/uslugi-kamaza-avtokrana/","/arenda/uslugi-kamaza-avtokrana/","2026-02-24T09:21:29+00:00"
"page","home","http://katet.tech/","/","2026-04-27T12:43:49+00:00"
"zapros","request_flow","http://katet.tech/zapros/da/","/zapros/da/","2026-01-12T09:12:57+00:00"
"zapros","request_flow","http://katet.tech/zapros/net/","/zapros/net/","2026-01-22T07:23:48+00:00"
"reviews","review_item","http://katet.tech/reviews/%d0%b5%d0%b2%d0%b3%d0%b5%d0%bd%d0%b8%d0%b9-%d0%b3/","/reviews/%d0%b5%d0%b2%d0%b3%d0%b5%d0%bd%d0%b8%d0%b9-%d0%b3/","2025-10-01T08:18:14+00:00"
"reviews","review_item","http://katet.tech/reviews/%d0%b5%d0%b2%d0%b3%d0%b5%d0%bd%d0%b8%d0%b9-%d0%bb%d0%b5%d0%b2%d0%b5%d0%bd%d0%b1%d0%b5%d1%80%d0%b3/","/reviews/%d0%b5%d0%b2%d0%b3%d0%b5%d0%bd%d0%b8%d0%b9-%d0%bb%d0%b5%d0%b2%d0%b5%d0%bd%d0%b1%d0%b5%d1%80%d0%b3/","2025-12-03T08:08:03+00:00"
"reviews","review_item","http://katet.tech/reviews/%d0%ba%d0%b8%d1%80%d0%b8%d0%bb%d0%bb-%d1%82%d0%b8%d1%82%d0%be%d0%b2/","/reviews/%d0%ba%d0%b8%d1%80%d0%b8%d0%bb%d0%bb-%d1%82%d0%b8%d1%82%d0%be%d0%b2/","2025-04-04T16:21:39+00:00"
"reviews","review_item","http://katet.tech/reviews/%d1%8e%d1%80%d0%b8%d0%b9-%d0%b3/","/reviews/%d1%8e%d1%80%d0%b8%d0%b9-%d0%b3/","2025-10-01T08:17:04+00:00"
"reviews","review_item","http://katet.tech/reviews/aleksey-goncharov/","/reviews/aleksey-goncharov/","2025-04-04T15:44:11+00:00"
"reviews","review_item","http://katet.tech/reviews/aleksey-n/","/reviews/aleksey-n/","2025-04-04T16:13:45+00:00"
"reviews","review_item","http://katet.tech/reviews/andrey-u/","/reviews/andrey-u/","2025-04-04T16:01:13+00:00"
"reviews","review_item","http://katet.tech/reviews/anton-usov/","/reviews/anton-usov/","2025-04-04T16:24:41+00:00"
"reviews","review_item","http://katet.tech/reviews/denis-tolsoborov/","/reviews/denis-tolsoborov/","2025-04-04T15:41:47+00:00"
"reviews","review_item","http://katet.tech/reviews/dmitriy-d/","/reviews/dmitriy-d/","2025-04-04T15:54:10+00:00"
"reviews","review_item","http://katet.tech/reviews/evgeniy/","/reviews/evgeniy/","2025-04-04T16:08:36+00:00"
"reviews","review_item","http://katet.tech/reviews/filipp-biryukov/","/reviews/filipp-biryukov/","2025-04-04T14:47:11+00:00"
"reviews","review_item","http://katet.tech/reviews/grizzly-decor/","/reviews/grizzly-decor/","2025-04-04T15:43:04+00:00"
"reviews","review_item","http://katet.tech/reviews/ilya-i/","/reviews/ilya-i/","2025-04-04T16:05:03+00:00"
"reviews","review_item","http://katet.tech/reviews/matveyryaba/","/reviews/matveyryaba/","2025-04-04T15:46:52+00:00"
"reviews","review_item","http://katet.tech/reviews/mihail-p/","/reviews/mihail-p/","2025-04-04T16:10:46+00:00"
"reviews","review_item","http://katet.tech/reviews/nikitaevergreenlandscape/","/reviews/nikitaevergreenlandscape/","2025-10-01T08:19:13+00:00"
"reviews","review_item","http://katet.tech/reviews/nikolay-orlov/","/reviews/nikolay-orlov/","2025-04-04T16:17:31+00:00"
"reviews","review_item","http://katet.tech/reviews/pavel-pe/","/reviews/pavel-pe/","2025-04-04T16:23:58+00:00"
"reviews","review_item","http://katet.tech/reviews/ruslan-a/","/reviews/ruslan-a/","2025-04-04T15:50:20+00:00"
"reviews","review_item","http://katet.tech/reviews/sergei-sirotenko/","/reviews/sergei-sirotenko/","2025-04-04T14:14:18+00:00"
"reviews","review_item","http://katet.tech/reviews/sergey-g/","/reviews/sergey-g/","2025-04-04T14:51:02+00:00"
"reviews","review_item","http://katet.tech/reviews/vadim-rzhavin/","/reviews/vadim-rzhavin/","2025-04-04T15:49:00+00:00"
"reviews","review_item","http://katet.tech/reviews/viktor-moriarti/","/reviews/viktor-moriarti/","2025-04-04T15:44:59+00:00"
"reviews","review_item","http://katet.tech/reviews/vladislav-s/","/reviews/vladislav-s/","2025-04-04T15:44:33+00:00"
"reviews","review_item","http://katet.tech/reviews/yuliya-serova/","/reviews/yuliya-serova/","2025-04-04T15:42:36+00:00"
"reviews","review_item","http://katet.tech/reviews/zemfira-garaeva/","/reviews/zemfira-garaeva/","2025-04-04T15:39:17+00:00"
"page","static_page","http://katet.tech/%d0%bf%d0%be%d0%bb%d0%b8%d1%82%d0%b8%d0%ba%d0%b0-%d0%ba%d0%be%d0%bd%d1%84%d0%b8%d0%b4%d0%b5%d0%bd%d1%86%d0%b8%d0%b0%d0%bb%d1%8c%d0%bd%d0%be%d1%81%d1%82%d0%b8/","/%d0%bf%d0%be%d0%bb%d0%b8%d1%82%d0%b8%d0%ba%d0%b0-%d0%ba%d0%be%d0%bd%d1%84%d0%b8%d0%b4%d0%b5%d0%bd%d1%86%d0%b8%d0%b0%d0%bb%d1%8c%d0%bd%d0%be%d1%81%d1%82%d0%b8/","2025-09-01T14:22:45+00:00"
"page","static_page","http://katet.tech/arenda-specztehniki-s-ekipzhem/","/arenda-specztehniki-s-ekipzhem/","2025-04-25T08:51:42+00:00"
"page","static_page","http://katet.tech/arenda-specztehniki-v-balashihe/","/arenda-specztehniki-v-balashihe/","2025-02-25T09:08:31+00:00"
"page","static_page","http://katet.tech/arenda-specztehniki-v-domodedovo/","/arenda-specztehniki-v-domodedovo/","2025-02-25T09:21:50+00:00"
"page","static_page","http://katet.tech/arenda-specztehniki-v-elektrostali/","/arenda-specztehniki-v-elektrostali/","2025-03-20T07:16:40+00:00"
"page","static_page","http://katet.tech/arenda-specztehniki-v-korolyove/","/arenda-specztehniki-v-korolyove/","2025-03-12T10:35:22+00:00"
"page","static_page","http://katet.tech/arenda-specztehniki-v-krasnogorske/","/arenda-specztehniki-v-krasnogorske/","2025-03-05T08:15:33+00:00"
"page","static_page","http://katet.tech/arenda-specztehniki-v-lyuberczah/","/arenda-specztehniki-v-lyuberczah/","2025-03-05T07:58:58+00:00"
"page","static_page","http://katet.tech/arenda-specztehniki-v-mytishhah/","/arenda-specztehniki-v-mytishhah/","2025-03-05T08:49:48+00:00"
"page","static_page","http://katet.tech/arenda-specztehniki-v-odinczovo/","/arenda-specztehniki-v-odinczovo/","2025-03-05T07:33:10+00:00"
"page","static_page","http://katet.tech/arenda-specztehniki-v-podolske/","/arenda-specztehniki-v-podolske/","2025-03-12T09:37:06+00:00"
"page","static_page","http://katet.tech/arenda-specztehniki-v-shhyolkovo/","/arenda-specztehniki-v-shhyolkovo/","2025-03-14T07:23:04+00:00"
"page","static_page","http://katet.tech/contacty/","/contacty/","2025-03-26T12:14:37+00:00"
"page","static_page","http://katet.tech/dogovor-arendy-specztehniki/","/dogovor-arendy-specztehniki/","2025-03-20T13:33:10+00:00"
"page","static_page","http://katet.tech/dostabka-i-oplata/","/dostabka-i-oplata/","2025-06-10T13:54:03+00:00"
"page","static_page","http://katet.tech/faq/","/faq/","2025-10-13T10:23:39+00:00"
"page","static_page","http://katet.tech/o-nas/","/o-nas/","2025-04-29T15:55:40+00:00"
"page","static_page","http://katet.tech/otzivy-katet/","/otzivy-katet/","2025-10-13T10:21:23+00:00"
"page","static_page","http://katet.tech/policy/","/policy/","2024-05-15T09:48:52+00:00"
"page","static_page","http://katet.tech/thankyou/","/thankyou/","2023-08-31T10:27:23+00:00"
"page","static_page","http://katet.tech/tver/","/tver/","2024-12-03T14:34:54+00:00"
"tipy-rabot","work_type_landing","http://katet.tech/tipy-rabot/demontazh-betonnogo-zabora/","/tipy-rabot/demontazh-betonnogo-zabora/","2026-01-19T08:08:27+00:00"
"tipy-rabot","work_type_landing","http://katet.tech/tipy-rabot/gruzoperevozki-po-rossii/","/tipy-rabot/gruzoperevozki-po-rossii/","2025-05-30T07:18:21+00:00"
"tipy-rabot","work_type_landing","http://katet.tech/tipy-rabot/gruzovoj-trall-dlya-perevozki-traktora/","/tipy-rabot/gruzovoj-trall-dlya-perevozki-traktora/","2025-05-30T07:18:21+00:00"
"tipy-rabot","work_type_landing","http://katet.tech/tipy-rabot/montazh-betonnykh-zaborov/","/tipy-rabot/montazh-betonnykh-zaborov/","2026-01-19T08:08:27+00:00"
"tipy-rabot","work_type_landing","http://katet.tech/tipy-rabot/negabaritnye-perevozki-tralom/","/tipy-rabot/negabaritnye-perevozki-tralom/","2025-05-30T07:18:21+00:00"
"tipy-rabot","work_type_landing","http://katet.tech/tipy-rabot/perevozka-buldozera/","/tipy-rabot/perevozka-buldozera/","2025-05-30T07:18:21+00:00"
"tipy-rabot","work_type_landing","http://katet.tech/tipy-rabot/perevozka-bytovok-manipulyatorom/","/tipy-rabot/perevozka-bytovok-manipulyatorom/","2026-01-19T08:08:27+00:00"
"tipy-rabot","work_type_landing","http://katet.tech/tipy-rabot/perevozka-ehkskavatorov/","/tipy-rabot/perevozka-ehkskavatorov/","2025-05-30T07:18:21+00:00"
"tipy-rabot","work_type_landing","http://katet.tech/tipy-rabot/perevozka-katka/","/tipy-rabot/perevozka-katka/","2025-05-30T07:18:21+00:00"
"tipy-rabot","work_type_landing","http://katet.tech/tipy-rabot/perevozka-nerudnyh-materialov/","/tipy-rabot/perevozka-nerudnyh-materialov/","2025-04-21T17:18:24+00:00"
"tipy-rabot","work_type_landing","http://katet.tech/tipy-rabot/perevozka-pogruzchika/","/tipy-rabot/perevozka-pogruzchika/","2025-05-30T07:18:21+00:00"
"tipy-rabot","work_type_landing","http://katet.tech/tipy-rabot/perevozka-spectehniki/","/tipy-rabot/perevozka-spectehniki/","2025-05-30T07:18:21+00:00"
"tipy-rabot","work_type_landing","http://katet.tech/tipy-rabot/perevozka-stankov/","/tipy-rabot/perevozka-stankov/","2026-01-19T08:08:27+00:00"
"tipy-rabot","work_type_landing","http://katet.tech/tipy-rabot/razrabotka-grunta/","/tipy-rabot/razrabotka-grunta/","2025-12-10T09:04:44+00:00"
"tipy-rabot","work_type_landing","http://katet.tech/tipy-rabot/razrabotka-karera/","/tipy-rabot/razrabotka-karera/","2026-01-12T09:12:57+00:00"
"tipy-rabot","work_type_landing","http://katet.tech/tipy-rabot/razrabotka-kotlovana/","/tipy-rabot/razrabotka-kotlovana/","2026-01-12T09:12:57+00:00"
"tipy-rabot","work_type_landing","http://katet.tech/tipy-rabot/razrabotka-transhej/","/tipy-rabot/razrabotka-transhej/","2026-01-12T09:12:57+00:00"
"tipy-rabot","work_type_landing","http://katet.tech/tipy-rabot/vyravnivanie-uchastka/","/tipy-rabot/vyravnivanie-uchastka/","2026-01-12T09:12:57+00:00"
"tipy-rabot","work_type_landing","http://katet.tech/tipy-rabot/vyvoz-grunta/","/tipy-rabot/vyvoz-grunta/","2025-04-21T17:18:24+00:00"
"tipy-rabot","work_type_landing","http://katet.tech/tipy-rabot/vyvoz-snega/","/tipy-rabot/vyvoz-snega/","2026-01-12T09:12:57+00:00"
"tipy-rabot","work_type_landing","http://katet.tech/tipy-rabot/vyvoz-stroitelnogo-musora/","/tipy-rabot/vyvoz-stroitelnogo-musora/","2025-04-21T17:18:24+00:00"
"tipy-rabot","work_type_landing","http://katet.tech/tipy-rabot/zemlyanye-raboty/","/tipy-rabot/zemlyanye-raboty/","2026-01-12T09:12:57+00:00"
